rally,ball_round,time,frame_num,score_status,player_score,opponent_score,player,server,type,aroundhead,backhand,hit_height,hit_area,hit_x,hit_y,landing_height,landing_area,landing_x,landing_y,lose_reason,win_reason,getpoint_player,flaw,player_location_area,player_location_x,player_location_y,player_move_x,player_move_y,opponent_location_area,opponent_location_x,opponent_location_y,opponent_move_x,opponent_move_y,ball_distance,player_type,opponent_type,player_move_area,moving_x,moving_y,landing_court_number,ball_distance_x,ball_distance_y,db,set,match_id,rally_id
1,1,,12000.0,0.0,0.0,0.0,CHOU Tien Chen,1.0,發短球,,,,28.0,0.298001720115079,-0.6443057096721145,,18.0,-0.1396078914403915,0.7586809694766999,,,,,28.0,0.298001720115079,-0.6443057096721145,-0.2738341973270313,1.81079544491782,22.0,-0.2194970248940841,0.949637844674785,0.0,0.0,0.0,1.0,0.0,33.0,0.0241675227880477,1.1664897352457049,,0.0,0.0,,1,1,0
1,2,,12100.0,0.0,0.0,0.0,Kento MOMOTA,2.0,長球,,,,28.0,0.1396078914403915,-0.7586809694766999,,18.0,-0.4085276809309408,0.5877959549401318,,,,,22.0,-0.2194970248940841,0.949637844674785,-0.1958358585834502,1.5158434212207794,33.0,0.0241675227880477,1.1664897352457049,-0.2738341973270313,1.81079544491782,1.745654465156128,3.0,1.0,18.0,-0.0562279671430587,0.7571624517440796,,0.3591049163344756,-1.708318814151485,,1,1,0
1,3,,12200.0,0.0,0.0,0.0,CHOU Tien Chen,2.0,長球,,,,28.0,0.4085276809309408,-0.5877959549401318,,23.0,0.2185040414333343,0.926278606057167,,,,,33.0,0.0241675227880477,1.1664897352457049,-0.6026696798180028,1.8343258321259537,18.0,-0.0562279671430587,0.7571624517440796,-0.1958358585834502,1.5158434212207794,1.7958983863121063,3.0,3.0,33.0,-0.194141998887062,1.2465298771858218,,0.3843601581428931,-1.7542856901858368,,1,1,0
1,4,,12300.0,-1.0,0.0,1.0,Kento MOMOTA,1.0,發短球,,,,28.0,0.0562279671430587,-0.7571624517440796,,5.0,-0.4580487012863159,-0.0399078130722045,出界,對手出界,CHOU Tien Chen,,28.0,0.0562279671430587,-0.7571624517440796,-0.0562279671430587,0.7571624517440796,33.0,-0.194141998887062,1.2465298771858218,0.0,0.0,0.0,1.0,0.0,7.0,0.0,0.0,,0.0,0.0,,1,1,0
1,5,,,,,,CHOU Tien Chen,,接不到,,,,7.0,0.0,0.0,,23.0,0.0,1.0,,,,,7.0,0.0,0.0,0.0,0.0,7.0,0.0,0.0,0.0,0.0,0.0,,,7.0,0.0,0.0,,0.0,0.0,,1,1,0
2,1,,12400.0,-1.0,0.0,1.0,CHOU Tien Chen,1.0,發短球,,,,32.0,-0.0974542593018943,-0.6528988439378698,,19.0,0.2566405534744262,0.7471807599067688,,,,,32.0,-0.0974542593018943,-0.6528988439378698,0.1388564800279074,1.835240091734882,19.0,0.3441270431713532,0.7362677537953597,0.0,0.0,0.0,1.0,0.0,33.0,0.0414022207260131,1.1823412477970123,,0.0,0.0,,1,1,1
2,2,,12500.0,-1.0,0.0,1.0,Kento MOMOTA,2.0,長球,,,,32.0,-0.2566405534744262,-0.7471807599067688,,15.0,0.0230364799499511,0.3320993185043335,,,,,19.0,0.3441270431713532,0.7362677537953597,0.297694906592369,1.6460376977920532,33.0,0.0414022207260131,1.1823412477970123,0.1388564800279074,1.835240091734882,1.6004815519038638,3.0,1.0,23.0,0.0410543531179428,0.8988569378852843,,-0.6007675966457794,-1.4834485137021285,,1,1,1
2,3,,12600.0,-1.0,0.0,1.0,CHOU Tien Chen,2.0,長球,,,,2.0,-0.0230364799499511,-0.3320993185043335,,33.0,0.0374296456575393,1.008886992931366,,,,,33.0,0.0414022207260131,1.1823412477970123,0.0077450275421141,1.6577324271202087,23.0,0.0410543531179428,0.8988569378852843,0.297694906592369,1.6460376977920532,1.5158108638626218,3.0,3.0,33.0,-0.0152914524078369,1.3256331086158752,,-0.0644387006759642,-1.5144405663013458,,1,1,1
2,4,,12700.0,-1.0,0.0,1.0,Kento MOMOTA,2.0,殺球,,,,33.0,-0.0374296456575393,-1.008886992931366,,7.0,0.0076666104229305,0.0708032457043086,,,,,23.0,0.0410543531179428,0.8988569378852843,-0.0161395221948624,1.739590764045715,33.0,-0.0152914524078369,1.3256331086158752,0.0077450275421141,1.6577324271202087,1.909357652099668,4.0,3.0,18.0,-0.0535691678524017,0.7307037711143494,,-0.0784839987754821,-1.9077439308166504,,1,1,1
2,5,,12800.0,-1.0,0.0,1.0,CHOU Tien Chen,2.0,推撲球,,,,6.0,-0.0076666104229305,-0.0708032457043086,,14.0,-0.0635584667325019,0.3139348030090332,,,,,33.0,-0.0152914524078369,1.3256331086158752,-0.0083020550576832,1.2890903262306606,18.0,-0.0535691678524017,0.7307037711143494,-0.0161395221948624,1.739590764045715,1.3964571708012892,9.0,4.0,33.0,-0.0159686654806137,1.218287080526352,,0.0076248419849064,-1.396436354320184,,1,1,1
2,6,,12900.0,-2.0,0.0,2.0,Kento MOMOTA,1.0,發短球,,,,28.0,0.0535691678524017,-0.7307037711143494,,5.0,-0.5022104978561401,-0.0859467983245849,出界,對手出界,CHOU Tien Chen,,28.0,0.0535691678524017,-0.7307037711143494,-0.0535691678524017,0.7307037711143494,33.0,-0.0159686654806137,1.218287080526352,0.0,0.0,0.0,1.0,0.0,7.0,0.0,0.0,,0.0,0.0,,1,1,1
2,7,,,,,,CHOU Tien Chen,,接不到,,,,7.0,0.0,0.0,,23.0,0.0,1.0,,,,,7.0,0.0,0.0,0.0,0.0,7.0,0.0,0.0,0.0,0.0,0.0,,,7.0,0.0,0.0,,0.0,0.0,,1,1,1
3,1,,13000.0,-2.0,0.0,2.0,CHOU Tien Chen,1.0,發短球,,,,28.0,0.3833081356134106,-0.6256617961282103,,18.0,-0.099502332508564,0.6444034576416016,,,,,28.0,0.3833081356134106,-0.6256617961282103,-0.3845549604739834,1.7591985819691986,22.0,-0.2980980518459198,0.9835487995034514,0.0,0.0,0.0,1.0,0.0,33.0,-0.0012468248605728,1.1335367858409884,,0.0,0.0,,1,1,2
3,2,,13100.0,-2.0,0.0,2.0,Kento MOMOTA,2.0,平球,,,,28.0,0.099502332508564,-0.6444034576416016,,23.0,0.0654174994833826,0.8505950491671255,,,,,22.0,-0.2980980518459198,0.9835487995034514,-0.2223766520619391,1.4164409339427948,33.0,-0.0012468248605728,1.1335367858409884,-0.3845549604739834,1.7591985819691986,1.6758026784745588,7.0,1.0,22.0,-0.1228743195533752,0.7720374763011933,,0.3976003843544838,-1.6279522571450529,,1,1,2
3,3,,13200.0,-2.0,0.0,2.0,CHOU Tien Chen,2.0,切球,,,,32.0,-0.0654174994833826,-0.8505950491671255,,18.0,-0.0795662328600883,0.740380585193634,,,,,33.0,-0.0012468248605728,1.1335367858409884,0.1503097128279565,1.847468901032656,22.0,-0.1228743195533752,0.7720374763011933,-0.2223766520619391,1.4164409339427948,1.9851692658748803,5.0,7.0,23.0,0.0848922133445739,0.99687385186553,,-0.0641706746228098,-1.9841318350081136,,1,1,2
3,4,,13300.0,-3.0,0.0,3.0,Kento MOMOTA,2.0,接不到,,,,7.0,0.0,0.0,,7.0,0.0,0.0,對手落地致勝,落地致勝,CHOU Tien Chen,,22.0,-0.1228743195533752,0.7720374763011933,0.0,0.0,23.0,0.0848922133445739,0.99687385186553,0.1503097128279565,1.847468901032656,0.7817544136231153,11.0,5.0,7.0,0.0,0.0,,0.1228743195533752,-0.7720374763011933,,1,1,2
3,5,,,,,,CHOU Tien Chen,,接不到,,,,7.0,0.0,0.0,,23.0,0.0,1.0,,,,,7.0,0.0,0.0,0.0,0.0,7.0,0.0,0.0,0.0,0.0,0.0,,,7.0,0.0,0.0,,0.0,0.0,,1,1,2
4,1,,13400.0,-3.0,0.0,3.0,CHOU Tien Chen,1.0,發短球,,,,32.0,-0.1495001225198383,-0.7142457763060271,,19.0,0.1654020249843597,0.690840482711792,,,,,32.0,-0.1495001225198383,-0.7142457763060271,0.1674678532804125,1.8934960464342767,23.0,0.1932492259981544,0.8007101633878835,0.0,0.0,0.0,1.0,0.0,33.0,0.0179677307605743,1.17925027012825,,0.0,0.0,,1,1,3
4,2,,13500.0,-3.0,0.0,3.0,Kento MOMOTA,2.0,平球,,,,32.0,-0.1654020249843597,-0.690840482711792,,14.0,-0.0418249070644378,0.3318177461624145,,,,,23.0,0.1932492259981544,0.8007101633878835,0.1569740027189255,1.6078919619321823,33.0,0.0179677307605743,1.17925027012825,0.1674678532804125,1.8934960464342767,1.5340645520028424,7.0,1.0,22.0,-0.0084280222654342,0.9170514792203904,,-0.3586512509825141,-1.4915506460996757,,1,1,3
4,3,,13600.0,-3.0,0.0,3.0,CHOU Tien Chen,2.0,長球,,,,3.0,0.0418249070644378,-0.3318177461624145,,22.0,-0.0349176675081253,0.7998858988285065,,,,,33.0,0.0179677307605743,1.17925027012825,-0.0948232710361479,1.5143799185752869,22.0,-0.0084280222654342,0.9170514792203904,0.1569740027189255,1.6078919619321823,1.5112563365352012,3.0,7.0,33.0,-0.0529983639717102,1.1825621724128723,,0.0238571763038634,-1.5110680162906645,,1,1,3
4,4,,13700.0,-3.0,0.0,3.0,Kento MOMOTA,2.0,發長球,,,,28.0,0.0349176675081253,-0.7998858988285065,,10.0,-0.2373413443565368,0.1517515182495117,,,,,22.0,-0.0084280222654342,0.9170514792203904,-0.1532939225435255,1.600011259317398,33.0,-0.0529983639717102,1.1825621724128723,-0.0948232710361479,1.5143799185752869,1.7174844421313882,2.0,3.0,22.0,-0.1183762550354003,0.8001253604888917,,0.0433456897735595,-1.7169373780488968,,1,1,3
4,5,,13800.0,-3.0,0.0,3.0,CHOU Tien Chen,2.0,推撲球,,,,3.0,0.2373413443565368,-0.1517515182495117,,33.0,0.1420164704322815,1.010047227144241,,,,,33.0,-0.0529983639717102,1.1825621724128723,-0.4025373160839079,1.4602290987968445,22.0,-0.1183762550354003,0.8001253604888917,-0.1532939225435255,1.600011259317398,1.3655365873242664,9.0,2.0,33.0,-0.1651959717273712,1.3084775805473328,,0.290339708328247,-1.334313690662384,,1,1,3
4,6,,13900.0,-4.0,0.0,4.0,Kento MOMOTA,1.0,發短球,,,,28.0,0.1183762550354003,-0.8001253604888917,,5.0,-0.4366424083709717,-0.110126256942749,出界,對手出界,CHOU Tien Chen,,28.0,0.1183762550354003,-0.8001253604888917,-0.1183762550354003,0.8001253604888917,33.0,-0.1651959717273712,1.3084775805473328,0.0,0.0,0.0,1.0,0.0,7.0,0.0,0.0,,0.0,0.0,,1,1,3
4,7,,,,,,CHOU Tien Chen,,接不到,,,,7.0,0.0,0.0,,23.0,0.0,1.0,,,,,7.0,0.0,0.0,0.0,0.0,7.0,0.0,0.0,0.0,0.0,0.0,,,7.0,0.0,0.0,,0.0,0.0,,1,1,3
5,1,,14000.0,-3.0,1.0,4.0,CHOU Tien Chen,1.0,發短球,,,,28.0,0.3194708799922246,-0.4809167954387838,,10.0,-0.1303422749042511,0.2678738832473755,出界,對手出界,Kento MOMOTA,,28.0,0.3194708799922246,-0.4809167954387838,-0.3194708799922246,0.4809167954387838,22.0,-0.2496304164914738,0.7694523695784281,0.0,0.0,0.0,1.0,0.0,7.0,0.0,0.0,,0.0,0.0,,1,1,4
5,2,,,,,,Kento MOMOTA,,接不到,,,,7.0,0.0,0.0,,23.0,0.0,1.0,,,,,7.0,0.0,0.0,0.0,0.0,7.0,0.0,0.0,0.0,0.0,0.0,,,7.0,0.0,0.0,,0.0,0.0,,1,1,4
6,1,,14100.0,-3.0,1.0,4.0,Kento MOMOTA,1.0,發短球,,,,32.0,-0.2420046403584293,-0.4925132678948498,,19.0,0.0849365592002868,0.685040295124054,,,,,32.0,-0.2420046403584293,-0.4925132678948498,0.2694030776200107,1.5623360933862782,23.0,0.1605640722973817,0.7946429580447234,0.0,0.0,0.0,1.0,0.0,33.0,0.0273984372615814,1.0698228254914284,,0.0,0.0,,1,1,5
6,2,,14200.0,-2.0,2.0,4.0,CHOU Tien Chen,2.0,接不到,,,,7.0,0.0,0.0,,7.0,0.0,0.0,對手落地致勝,落地致勝,Kento MOMOTA,,23.0,0.1605640722973817,0.7946429580447234,0.0,0.0,33.0,0.0273984372615814,1.0698228254914284,0.2694030776200107,1.5623360933862782,0.8107023202648348,11.0,1.0,7.0,0.0,0.0,,-0.1605640722973817,-0.7946429580447234,,1,1,5
6,3,,,,,,Kento MOMOTA,,接不到,,,,7.0,0.0,0.0,,23.0,0.0,1.0,,,,,7.0,0.0,0.0,0.0,0.0,7.0,0.0,0.0,0.0,0.0,0.0,,,7.0,0.0,0.0,,0.0,0.0,,1,1,5
7,1,,14300.0,-2.0,2.0,4.0,Kento MOMOTA,1.0,發短球,,,,28.0,0.3769166916165541,-0.8249526050180641,,22.0,-0.2244149148464203,0.7663484513759613,,,,,28.0,0.3769166916165541,-0.8249526050180641,-0.4708517044339369,1.7605056341976373,22.0,-0.0104550934907945,0.8097506364226362,0.0,0.0,0.0,1.0,0.0,22.0,-0.0939350128173828,0.9355530291795732,,0.0,0.0,,1,1,6
7,2,,14400.0,-2.0,2.0,4.0,CHOU Tien Chen,2.0,切球,,,,28.0,0.2244149148464203,-0.7663484513759613,,19.0,0.0079291015863418,0.7233256697654724,,,,,22.0,-0.0104550934907945,0.8097506364226362,-0.3171947747468948,1.7827368415892124,22.0,-0.0939350128173828,0.9355530291795732,-0.4708517044339369,1.7605056341976373,1.5935031394308248,5.0,1.0,33.0,-0.0927798599004745,1.0163883902132511,,0.2348700083372147,-1.5760990877985974,,1,1,6
7,3,,14500.0,-2.0,2.0,4.0,Kento MOMOTA,2.0,平球,,,,32.0,-0.0079291015863418,-0.7233256697654724,,33.0,0.439657439266839,1.0666345004936604,,,,,22.0,-0.0939350128173828,0.9355530291795732,-0.0578428059816361,1.5370811074972153,33.0,-0.0927798599004745,1.0163883902132511,-0.3171947747468948,1.7827368415892124,1.6611067258247705,7.0,5.0,22.0,-0.0657719075679779,0.8137554377317429,,0.086005911231041,-1.6588786989450457,,1,1,6
7,4,,14600.0,-2.0,2.0,4.0,CHOU Tien Chen,2.0,推撲球,,,,33.0,-0.439657439266839,-1.0666345004936604,,33.0,0.2928529009664437,1.337276320832065,,,,,33.0,-0.0927798599004745,1.0163883902132511,0.6687232449404381,1.9373675827881245,22.0,-0.0657719075679779,0.8137554377317429,-0.0578428059816361,1.5370811074972153,2.1117074651276977,9.0,7.0,23.0,0.2290658056735992,0.8707330822944641,,-0.3468775793663645,-2.0830228907069115,,1,1,6
7,5,,14700.0,-3.0,2.0,5.0,Kento MOMOTA,2.0,接不到,,,,7.0,0.0,0.0,,7.0,0.0,0.0,對手落地致勝,落地致勝,CHOU Tien Chen,,22.0,-0.0657719075679779,0.8137554377317429,0.0,0.0,23.0,0.2290658056735992,0.8707330822944641,0.6687232449404381,1.9373675827881245,0.8164091230890986,11.0,9.0,7.0,0.0,0.0,,0.0657719075679779,-0.8137554377317429,,1,1,6
7,6,,,,,,CHOU Tien Chen,,接不到,,,,7.0,0.0,0.0,,23.0,0.0,1.0,,,,,7.0,0.0,0.0,0.0,0.0,7.0,0.0,0.0,0.0,0.0,0.0,,,7.0,0.0,0.0,,0.0,0.0,,1,1,6
8,1,,14800.0,-2.0,3.0,5.0,CHOU Tien Chen,1.0,發短球,,,,32.0,-0.3766414936660802,-0.4869063684630823,,19.0,0.2844858169555664,0.5775313377380371,出界,對手出界,Kento MOMOTA,,32.0,-0.3766414936660802,-0.4869063684630823,0.3766414936660802,0.4869063684630823,23.0,0.4039857837456153,0.8235124936567924,0.0,0.0,0.0,1.0,0.0,7.0,0.0,0.0,,0.0,0.0,,1,1,7
8,2,,,,,,Kento MOMOTA,,接不到,,,,7.0,0.0,0.0,,23.0,0.0,1.0,,,,,7.0,0.0,0.0,0.0,0.0,7.0,0.0,0.0,0.0,0.0,0.0,,,7.0,0.0,0.0,,0.0,0.0,,1,1,7
9,1,,14900.0,-2.0,3.0,5.0,Kento MOMOTA,1.0,發短球,,,,32.0,-0.2690443798726694,-0.5032864798215991,,19.0,0.0922048389911651,0.6069602966308594,,,,,32.0,-0.2690443798726694,-0.5032864798215991,0.3015007480806009,1.635451494565404,19.0,0.1511099765481141,0.6291952013305422,0.0,0.0,0.0,1.0,0.0,33.0,0.0324563682079315,1.132165014743805,,0.0,0.0,,1,1,8
9,2,,15000.0,-1.0,4.0,5.0,CHOU Tien Chen,2.0,接不到,,,,7.0,0.0,0.0,,7.0,0.0,0.0,對手落地致勝,落地致勝,Kento MOMOTA,,19.0,0.1511099765481141,0.6291952013305422,0.0,0.0,33.0,0.0324563682079315,1.132165014743805,0.3015007480806009,1.635451494565404,0.6470864133867694,11.0,1.0,7.0,0.0,0.0,,-0.1511099765481141,-0.6291952013305422,,1,1,8
9,3,,,,,,Kento MOMOTA,,接不到,,,,7.0,0.0,0.0,,23.0,0.0,1.0,,,,,7.0,0.0,0.0,0.0,0.0,7.0,0.0,0.0,0.0,0.0,0.0,,,7.0,0.0,0.0,,0.0,0.0,,1,1,8
10,1,,15100.0,-2.0,4.0,6.0,Kento MOMOTA,2.0,接不到,,,,7.0,0.0,0.0,,7.0,0.0,0.0,對手落地致勝,落地致勝,CHOU Tien Chen,,7.0,0.0,0.0,0.0,0.0,18.0,-0.3692585311492767,0.7269984488187794,-0.3692585311492767,0.7269984488187794,0.0,11.0,,7.0,0.0,0.0,,0.0,0.0,,1,1,9
10,2,,,,,,CHOU Tien Chen,,接不到,,,,7.0,0.0,0.0,,23.0,0.0,1.0,,,,,7.0,0.0,0.0,0.0,0.0,7.0,0.0,0.0,0.0,0.0,0.0,,,7.0,0.0,0.0,,0.0,0.0,,1,1,9
11,1,,15200.0,-1.0,5.0,6.0,CHOU Tien Chen,1.0,發短球,,,,28.0,0.1532881959322443,-0.6085682680220229,,15.0,0.0600161924958229,0.4628002047538757,出界,對手出界,Kento MOMOTA,,28.0,0.1532881959322443,-0.6085682680220229,-0.1532881959322443,0.6085682680220229,22.0,-0.0314276938326997,0.7882542592390759,0.0,0.0,0.0,1.0,0.0,7.0,0.0,0.0,,0.0,0.0,,1,1,10
11,2,,,,,,Kento MOMOTA,,接不到,,,,7.0,0.0,0.0,,23.0,0.0,1.0,,,,,7.0,0.0,0.0,0.0,0.0,7.0,0.0,0.0,0.0,0.0,0.0,,,7.0,0.0,0.0,,0.0,0.0,,1,1,10
12,1,,15300.0,-2.0,5.0,7.0,Kento MOMOTA,1.0,發短球,,,,32.0,-0.2403404706459656,-0.8755101677145236,,18.0,-0.0013059377670288,0.5961741507053375,出界,對手出界,CHOU Tien Chen,,32.0,-0.2403404706459656,-0.8755101677145236,0.2403404706459656,0.8755101677145236,23.0,0.0320372611524722,0.9164977213649664,0.0,0.0,0.0,1.0,0.0,7.0,0.0,0.0,,0.0,0.0,,1,1,11
12,2,,,,,,CHOU Tien Chen,,接不到,,,,7.0,0.0,0.0,,23.0,0.0,1.0,,,,,7.0,0.0,0.0,0.0,0.0,7.0,0.0,0.0,0.0,0.0,0.0,,,7.0,0.0,0.0,,0.0,0.0,,1,1,11
13,1,,15400.0,-1.0,6.0,7.0,CHOU Tien Chen,1.0,發短球,,,,32.0,-0.2649951257450662,-0.6016080990947728,,15.0,0.2187731862068176,0.455967903137207,出界,對手出界,Kento MOMOTA,,32.0,-0.2649951257450662,-0.6016080990947728,0.2649951257450662,0.6016080990947728,33.0,0.1100012705619734,1.1490857547265596,0.0,0.0,0.0,1.0,0.0,7.0,0.0,0.0,,0.0,0.0,,1,1,12
13,2,,,,,,Kento MOMOTA,,接不到,,,,7.0,0.0,0.0,,23.0,0.0,1.0,,,,,7.0,0.0,0.0,0.0,0.0,7.0,0.0,0.0,0.0,0.0,0.0,,,7.0,0.0,0.0,,0.0,0.0,,1,1,12
14,1,,15500.0,-1.0,6.0,7.0,Kento MOMOTA,1.0,發短球,,,,28.0,0.145687297363551,-0.6966829571131044,,18.0,-0.2149648666381836,0.6339715123176575,,,,,28.0,0.145687297363551,-0.6966829571131044,-0.1604855213358715,1.6728668558600717,22.0,-0.1692319226536055,0.855270362858032,0.0,0.0,0.0,1.0,0.0,22.0,-0.0147982239723205,0.9761838987469672,,0.0,0.0,,1,1,13
14,2,,15600.0,-1.0,6.0,7.0,CHOU Tien Chen,2.0,切球,,,,28.0,0.2149648666381836,-0.6339715123176575,,19.0,0.0898033753037452,0.6042636632919312,,,,,22.0,-0.1692319226536055,0.855270362858032,-0.3446351587772369,1.7099350914359093,22.0,-0.0147982239723205,0.9761838987469672,-0.1604855213358715,1.6728668558600717,1.5380014745373047,5.0,1.0,33.0,-0.1296702921390533,1.0759635791182518,,0.3841967892917891,-1.4892418751756895,,1,1,13
14,3,,15700.0,-2.0,6.0,8.0,Kento MOMOTA,2.0,接不到,,,,7.0,0.0,0.0,,7.0,0.0,0.0,對手落地致勝,落地致勝,CHOU Tien Chen,,22.0,-0.0147982239723205,0.9761838987469672,0.0,0.0,33.0,-0.1296702921390533,1.0759635791182518,-0.3446351587772369,1.7099350914359093,0.9762960573543068,11.0,5.0,7.0,0.0,0.0,,0.0147982239723205,-0.9761838987469672,,1,1,13
14,4,,,,,,CHOU Tien Chen,,接不到,,,,7.0,0.0,0.0,,23.0,0.0,1.0,,,,,7.0,0.0,0.0,0.0,0.0,7.0,0.0,0.0,0.0,0.0,0.0,,,7.0,0.0,0.0,,0.0,0.0,,1,1,13
15,1,,15800.0,-1.0,7.0,8.0,CHOU Tien Chen,1.0,發短球,,,,28.0,0.2383124732752155,-0.8563923922986104,,18.0,-0.1573877781629562,0.5625791847705842,出界,對手出界,Kento MOMOTA,,28.0,0.2383124732752155,-0.8563923922986104,-0.2383124732752155,0.8563923922986104,22.0,-0.3925080724260747,0.8252046366626298,0.0,0.0,0.0,1.0,0.0,7.0,0.0,0.0,,0.0,0.0,,1,1,14
15,2,,,,,,Kento MOMOTA,,接不到,,,,7.0,0.0,0.0,,23.0,0.0,1.0,,,,,7.0,0.0,0.0,0.0,0.0,7.0,0.0,0.0,0.0,0.0,0.0,,,7.0,0.0,0.0,,0.0,0.0,,1,1,14
16,1,,15900.0,-2.0,7.0,9.0,Kento MOMOTA,1.0,發短球,,,,32.0,-0.3023031368502102,-0.4937702945837025,,19.0,0.0900140404701232,0.5597754716873168,出界,對手出界,CHOU Tien Chen,,32.0,-0.3023031368502102,-0.4937702945837025,0.3023031368502102,0.4937702945837025,23.0,0.1202113218464858,0.8021728556001858,0.0,0.0,0.0,1.0,0.0,7.0,0.0,0.0,,0.0,0.0,,1,1,15
16,2,,,,,,CHOU Tien Chen,,接不到,,,,7.0,0.0,0.0,,23.0,0.0,1.0,,,,,7.0,0.0,0.0,0.0,0.0,7.0,0.0,0.0,0.0,0.0,0.0,,,7.0,0.0,0.0,,0.0,0.0,,1,1,15
17,1,,16000.0,-1.0,8.0,9.0,CHOU Tien Chen,1.0,發短球,,,,32.0,-0.2282605377237199,-0.4918002924666401,,11.0,0.2363990247249603,0.2141393423080444,出界,對手出界,Kento MOMOTA,,32.0,-0.2282605377237199,-0.4918002924666401,0.2282605377237199,0.4918002924666401,23.0,0.1282130717949511,0.8914049953156155,0.0,0.0,0.0,1.0,0.0,7.0,0.0,0.0,,0.0,0.0,,1,1,16
17,2,,,,,,Kento MOMOTA,,接不到,,,,7.0,0.0,0.0,,23.0,0.0,1.0,,,,,7.0,0.0,0.0,0.0,0.0,7.0,0.0,0.0,0.0,0.0,0.0,,,7.0,0.0,0.0,,0.0,0.0,,1,1,16
18,1,,16100.0,-2.0,8.0,10.0,Kento MOMOTA,1.0,發短球,,,,28.0,0.0640337925753243,-0.5416116299149076,,18.0,-0.2057427763938903,0.5918100476264954,出界,對手出界,CHOU Tien Chen,,28.0,0.0640337925753243,-0.5416116299149076,-0.0640337925753243,0.5416116299149076,22.0,-0.1692743167397313,0.7875479084911817,0.0,0.0,0.0,1.0,0.0,7.0,0.0,0.0,,0.0,0.0,,1,1,17
18,2,,,,,,CHOU Tien Chen,,接不到,,,,7.0,0.0,0.0,,23.0,0.0,1.0,,,,,7.0,0.0,0.0,0.0,0.0,7.0,0.0,0.0,0.0,0.0,0.0,,,7.0,0.0,0.0,,0.0,0.0,,1,1,17
19,1,,16200.0,-1.0,9.0,10.0,CHOU Tien Chen,1.0,發短球,,,,28.0,0.16952831956113,-0.5957037064790349,,15.0,0.1049231886863708,0.3680520057678222,出界,對手出界,Kento MOMOTA,,28.0,0.16952831956113,-0.5957037064790349,-0.16952831956113,0.5957037064790349,22.0,-0.0896060123645995,0.8457301085076255,0.0,0.0,0.0,1.0,0.0,7.0,0.0,0.0,,0.0,0.0,,1,1,18
19,2,,,,,,Kento MOMOTA,,接不到,,,,7.0,0.0,0.0,,23.0,0.0,1.0,,,,,7.0,0.0,0.0,0.0,0.0,7.0,0.0,0.0,0.0,0.0,0.0,,,7.0,0.0,0.0,,0.0,0.0,,1,1,18
20,1,,16300.0,-2.0,9.0,11.0,Kento MOMOTA,1.0,發短球,,,,32.0,-0.1620724502205873,-0.658814816093975,,19.0,0.0567255020141601,0.5932950675487518,出界,對手出界,CHOU Tien Chen,,32.0,-0.1620724502205873,-0.658814816093975,0.1620724502205873,0.658814816093975,23.0,0.1340866812416024,0.8963164894716937,0.0,0.0,0.0,1.0,0.0,7.0,0.0,0.0,,0.0,0.0,,1,1,19
20,2,,,,,,CHOU Tien Chen,,接不到,,,,7.0,0.0,0.0,,23.0,0.0,1.0,,,,,7.0,0.0,0.0,0.0,0.0,7.0,0.0,0.0,0.0,0.0,0.0,,,7.0,0.0,0.0,,0.0,0.0,,1,1,19
21,1,,16400.0,-1.0,10.0,11.0,CHOU Tien Chen,1.0,發短球,,,,32.0,-0.1815490064477651,-0.6974288257553932,,19.0,0.215255320072174,0.5840205550193787,出界,對手出界,Kento MOMOTA,,32.0,-0.1815490064477651,-0.6974288257553932,0.1815490064477651,0.6974288257553932,23.0,0.092406337470037,0.8098813052707162,0.0,0.0,0.0,1.0,0.0,7.0,0.0,0.0,,0.0,0.0,,1,1,20
21,2,,,,,,Kento MOMOTA,,接不到,,,,7.0,0.0,0.0,,23.0,0.0,1.0,,,,,7.0,0.0,0.0,0.0,0.0,7.0,0.0,0.0,0.0,0.0,0.0,,,7.0,0.0,0.0,,0.0,0.0,,1,1,20
22,1,,16500.0,-2.0,10.0,12.0,Kento MOMOTA,1.0,發短球,,,,28.0,0.0065485071270493,-0.5469683938900975,,18.0,-0.3562697172164917,0.5642248392105103,出界,對手出界,CHOU Tien Chen,,28.0,0.0065485071270493,-0.5469683938900975,-0.0065485071270493,0.5469683938900975,22.0,-0.3771916404663485,0.8184396808865302,0.0,0.0,0.0,1.0,0.0,7.0,0.0,0.0,,0.0,0.0,,1,1,21
22,2,,,,,,CHOU Tien Chen,,接不到,,,,7.0,0.0,0.0,,23.0,0.0,1.0,,,,,7.0,0.0,0.0,0.0,0.0,7.0,0.0,0.0,0.0,0.0,0.0,,,7.0,0.0,0.0,,0.0,0.0,,1,1,21
23,1,,16600.0,-1.0,11.0,12.0,CHOU Tien Chen,1.0,發短球,,,,28.0,0.2347880747265472,-0.642761290968361,,15.0,0.0144769847393035,0.3725224733352661,出界,對手出界,Kento MOMOTA,,28.0,0.2347880747265472,-0.642761290968361,-0.2347880747265472,0.642761290968361,33.0,-0.3016490071510758,1.1393979466716762,0.0,0.0,0.0,1.0,0.0,7.0,0.0,0.0,,0.0,0.0,,1,1,22
23,2,,,,,,Kento MOMOTA,,接不到,,,,7.0,0.0,0.0,,23.0,0.0,1.0,,,,,7.0,0.0,0.0,0.0,0.0,7.0,0.0,0.0,0.0,0.0,0.0,,,7.0,0.0,0.0,,0.0,0.0,,1,1,22
24,1,,16700.0,-1.0,11.0,12.0,Kento MOMOTA,1.0,發短球,,,,32.0,-0.1015451371342277,-0.5521298366713336,,19.0,0.0653012990951538,0.6165424585342407,,,,,32.0,-0.1015451371342277,-0.5521298366713336,0.1015744626194572,1.5500524657892991,33.0,0.1479238342833561,1.088386353607628,0.0,0.0,0.0,1.0,0.0,23.0,2.9325485229491832e-05,0.9979226291179656,,0.0,0.0,,1,1,23
24,2,,16800.0,-1.0,11.0,12.0,CHOU Tien Chen,2.0,切球,,,,32.0,-0.0653012990951538,-0.6165424585342407,,22.0,-0.1139016672968864,0.7824125289916992,,,,,33.0,0.1479238342833561,1.088386353607628,0.131056971848011,1.6747042313218117,23.0,2.9325485229491832e-05,0.9979226291179656,0.1015744626194572,1.5500524657892991,1.718210467892617,5.0,1.0,33.0,0.0657556727528572,1.058161772787571,,-0.2132251333785099,-1.7049288121418686,,1,1,23
24,3,,16900.0,-1.0,11.0,12.0,Kento MOMOTA,2.0,平球,,,,28.0,0.1139016672968864,-0.7824125289916992,,33.0,0.1245612420554023,1.206401423044073,,,,,23.0,2.9325485229491832e-05,0.9979226291179656,-0.1916039511561393,1.4637873768806458,33.0,0.0657556727528572,1.058161772787571,0.131056971848011,1.6747042313218117,1.783973145938872,7.0,5.0,18.0,-0.0777022838592529,0.6813748478889465,,0.1138723418116569,-1.780335158109665,,1,1,23
24,4,,17000.0,-1.0,11.0,12.0,CHOU Tien Chen,2.0,長球,,,,33.0,-0.1245612420554023,-1.206401423044073,,15.0,0.0159708261489868,0.4821190237998962,,,,,33.0,0.0657556727528572,1.058161772787571,0.1897628821844916,1.9798025344084376,18.0,-0.0777022838592529,0.6813748478889465,-0.1916039511561393,1.4637873768806458,2.272546368278844,3.0,7.0,23.0,0.0652016401290893,0.7734011113643646,,-0.1903169148082595,-2.264563195831644,,1,1,23
24,5,,17100.0,-1.0,11.0,12.0,Kento MOMOTA,2.0,網前球,,,,32.0,-0.0159708261489868,-0.4821190237998962,,10.0,-0.1950573921203613,0.1766974329948425,,,,,18.0,-0.0777022838592529,0.6813748478889465,-0.07699716091156,1.3123004138469696,23.0,0.0652016401290893,0.7734011113643646,0.1897628821844916,1.9798025344084376,1.1651303628043206,8.0,3.0,22.0,-0.0929679870605468,0.8301813900470734,,0.0617314577102661,-1.1634938716888428,,1,1,23
24,6,,17200.0,-1.0,11.0,12.0,CHOU Tien Chen,2.0,網前球,,,,3.0,0.1950573921203613,-0.1766974329948425,,19.0,0.1117570996284484,0.6179715394973755,,,,,23.0,0.0652016401290893,0.7734011113643646,-0.3283217549324035,1.269285038113594,22.0,-0.0929679870605468,0.8301813900470734,-0.07699716091156,1.3123004138469696,0.958931572281726,8.0,8.0,33.0,-0.1332643628120422,1.0925876051187515,,0.129855751991272,-0.9500985443592072,,1,1,23
24,7,,17300.0,-2.0,11.0,13.0,Kento MOMOTA,1.0,發短球,,,,28.0,0.0929679870605468,-0.8301813900470734,,6.0,-0.3629961013793945,-0.0511138439178466,出界,對手出界,CHOU Tien Chen,,28.0,0.0929679870605468,-0.8301813900470734,-0.0929679870605468,0.8301813900470734,33.0,-0.1332643628120422,1.0925876051187515,0.0,0.0,0.0,1.0,0.0,7.0,0.0,0.0,,0.0,0.0,,1,1,23
24,8,,,,,,CHOU Tien Chen,,接不到,,,,7.0,0.0,0.0,,23.0,0.0,1.0,,,,,7.0,0.0,0.0,0.0,0.0,7.0,0.0,0.0,0.0,0.0,0.0,,,7.0,0.0,0.0,,0.0,0.0,,1,1,23
25,1,,17400.0,-1.0,12.0,13.0,CHOU Tien Chen,1.0,發短球,,,,32.0,-0.1350975314744133,-0.5121558250556691,,11.0,0.1799753308296203,0.23703533411026,出界,對手出界,Kento MOMOTA,,32.0,-0.1350975314744133,-0.5121558250556691,0.1350975314744133,0.5121558250556691,19.0,0.0234263709410314,0.7603555312032204,0.0,0.0,0.0,1.0,0.0,7.0,0.0,0.0,,0.0,0.0,,1,1,24
25,2,,,,,,Kento MOMOTA,,接不到,,,,7.0,0.0,0.0,,23.0,0.0,1.0,,,,,7.0,0.0,0.0,0.0,0.0,7.0,0.0,0.0,0.0,0.0,0.0,,,7.0,0.0,0.0,,0.0,0.0,,1,1,24
26,1,,17500.0,-1.0,12.0,13.0,Kento MOMOTA,1.0,發短球,,,,28.0,0.2606294548341305,-0.557397101702468,,18.0,-0.3340365886688232,0.6322775781154633,,,,,28.0,0.2606294548341305,-0.557397101702468,-0.2920928394624264,1.5272579236648247,33.0,-0.2519569570839881,1.0545448365989318,0.0,0.0,0.0,1.0,0.0,22.0,-0.0314633846282959,0.9698608219623568,,0.0,0.0,,1,1,25
26,2,,17600.0,-1.0,12.0,13.0,CHOU Tien Chen,2.0,長球,,,,28.0,0.3340365886688232,-0.6322775781154633,,23.0,0.1266281902790069,0.82625213265419,,,,,33.0,-0.2519569570839881,1.0545448365989318,-0.4903162121772766,1.7040437161922457,22.0,-0.0314633846282959,0.9698608219623568,-0.2920928394624264,1.5272579236648247,1.785709465295756,3.0,1.0,33.0,-0.1562796235084534,1.0717661380767822,,0.5859935457528113,-1.686822414714395,,1,1,25
26,3,,17700.0,-2.0,12.0,14.0,Kento MOMOTA,2.0,接不到,,,,7.0,0.0,0.0,,7.0,0.0,0.0,對手落地致勝,落地致勝,CHOU Tien Chen,,22.0,-0.0314633846282959,0.9698608219623568,0.0,0.0,33.0,-0.1562796235084534,1.0717661380767822,-0.4903162121772766,1.7040437161922457,0.9703710416896036,11.0,3.0,7.0,0.0,0.0,,0.0314633846282959,-0.9698608219623568,,1,1,25
26,4,,,,,,CHOU Tien Chen,,接不到,,,,7.0,0.0,0.0,,23.0,0.0,1.0,,,,,7.0,0.0,0.0,0.0,0.0,7.0,0.0,0.0,0.0,0.0,0.0,,,7.0,0.0,0.0,,0.0,0.0,,1,1,25
27,1,,17800.0,-1.0,13.0,14.0,CHOU Tien Chen,1.0,發短球,,,,28.0,0.0565316229087092,-0.5153782952098995,,10.0,-0.185146763920784,0.1527559757232666,出界,對手出界,Kento MOMOTA,,28.0,0.0565316229087092,-0.5153782952098995,-0.0565316229087092,0.5153782952098995,22.0,-0.3945985810724446,0.7883102319893222,0.0,0.0,0.0,1.0,0.0,7.0,0.0,0.0,,0.0,0.0,,1,1,26
27,2,,,,,,Kento MOMOTA,,接不到,,,,7.0,0.0,0.0,,23.0,0.0,1.0,,,,,7.0,0.0,0.0,0.0,0.0,7.0,0.0,0.0,0.0,0.0,0.0,,,7.0,0.0,0.0,,0.0,0.0,,1,1,26
28,1,,17900.0,-2.0,13.0,15.0,Kento MOMOTA,2.0,接不到,,,,7.0,0.0,0.0,,7.0,0.0,0.0,對手落地致勝,落地致勝,CHOU Tien Chen,,7.0,0.0,0.0,0.0,0.0,23.0,0.1573930825741774,0.9049749046814614,0.1573930825741774,0.9049749046814614,0.0,11.0,,7.0,0.0,0.0,,0.0,0.0,,1,1,27
28,2,,,,,,CHOU Tien Chen,,接不到,,,,7.0,0.0,0.0,,23.0,0.0,1.0,,,,,7.0,0.0,0.0,0.0,0.0,7.0,0.0,0.0,0.0,0.0,0.0,,,7.0,0.0,0.0,,0.0,0.0,,1,1,27
29,1,,18000.0,-1.0,14.0,15.0,CHOU Tien Chen,1.0,發短球,,,,32.0,-0.158910476344475,-0.5997239083525282,,16.0,0.4882797002792358,0.4418603181838989,出界,對手出界,Kento MOMOTA,,32.0,-0.158910476344475,-0.5997239083525282,0.158910476344475,0.5997239083525282,23.0,0.3681032417784068,0.8041899690324442,0.0,0.0,0.0,1.0,0.0,7.0,0.0,0.0,,0.0,0.0,,1,1,28
29,2,,,,,,Kento MOMOTA,,接不到,,,,7.0,0.0,0.0,,23.0,0.0,1.0,,,,,7.0,0.0,0.0,0.0,0.0,7.0,0.0,0.0,0.0,0.0,0.0,,,7.0,0.0,0.0,,0.0,0.0,,1,1,28
30,1,,18100.0,-1.0,14.0,15.0,Kento MOMOTA,1.0,發短球,,,,28.0,0.3782256567942989,-0.4863451158571711,,17.0,-0.5406985282897949,0.6055885553359985,,,,,28.0,0.3782256567942989,-0.4863451158571711,-0.4150539362895381,1.5169819628763666,22.0,-0.4135651617733985,0.7898180312792149,0.0,0.0,0.0,1.0,0.0,33.0,-0.0368282794952392,1.0306368470191956,,0.0,0.0,,1,1,29
30,2,,18200.0,-1.0,14.0,15.0,CHOU Tien Chen,2.0,長球,,,,28.0,0.5406985282897949,-0.6055885553359985,,15.0,0.2482994198799133,0.3677272796630859,,,,,22.0,-0.4135651617733985,0.7898180312792149,-0.8065580725669861,1.6836423501372335,33.0,-0.0368282794952392,1.0306368470191956,-0.4150539362895381,1.5169819628763666,1.6904965933541969,3.0,1.0,33.0,-0.2658595442771911,1.0780537948012352,,0.9542636900631934,-1.3954065866152134,,1,1,29
30,3,,18300.0,-1.0,14.0,15.0,Kento MOMOTA,2.0,發長球,,,,2.0,-0.2482994198799133,-0.3677272796630859,,14.0,-0.2961861491203308,0.3877222537994385,,,,,33.0,-0.0368282794952392,1.0306368470191956,0.2788100838661193,1.1294596195220947,33.0,-0.2658595442771911,1.0780537948012352,-0.8065580725669861,1.6836423501372335,1.414263862936296,2.0,3.0,19.0,0.030510663986206,0.7617323398590088,,-0.2114711403846741,-1.3983641266822815,,1,1,29
30,4,,18400.0,-1.0,14.0,15.0,CHOU Tien Chen,2.0,長球,,,,28.0,0.2961861491203308,-0.3877222537994385,,23.0,0.1174427047371864,0.8653822839260101,,,,,33.0,-0.2658595442771911,1.0780537948012352,-0.462817832827568,1.5374581962823868,19.0,0.030510663986206,0.7617323398590088,0.2788100838661193,1.1294596195220947,1.5698390956139758,3.0,2.0,33.0,-0.1666316837072372,1.1497359424829483,,0.562045693397522,-1.4657760486006737,,1,1,29
30,5,,18500.0,-1.0,14.0,15.0,Kento MOMOTA,2.0,殺球,,,,32.0,-0.1174427047371864,-0.8653822839260101,,10.0,-0.2289458513259887,0.1393139362335205,,,,,19.0,0.030510663986206,0.7617323398590088,0.0858609452843666,1.535063922405243,33.0,-0.1666316837072372,1.1497359424829483,-0.462817832827568,1.5374581962823868,1.6338274689365655,4.0,3.0,18.0,-0.0315817594528198,0.6696816384792328,,-0.1479533687233924,-1.627114623785019,,1,1,29
30,6,,18600.0,-1.0,14.0,15.0,CHOU Tien Chen,2.0,挑球,,,,7.0,0.2289458513259887,-0.1393139362335205,,15.0,0.0283757597208023,0.3434593677520752,,,,,33.0,-0.1666316837072372,1.1497359424829483,-0.4099831879138945,1.303244009613991,18.0,-0.0315817594528198,0.6696816384792328,0.0858609452843666,1.535063922405243,1.3483809461876517,6.0,4.0,33.0,-0.1810373365879058,1.1639300733804705,,0.3955775350332259,-1.2890498787164688,,1,1,29
30,7,,18700.0,-1.0,14.0,15.0,Kento MOMOTA,2.0,切球,,,,2.0,-0.0283757597208023,-0.3434593677520752,,5.0,-0.4171528816223144,0.0380753278732299,,,,,18.0,-0.0315817594528198,0.6696816384792328,-0.0572196096181869,1.0707376301288605,33.0,-0.1810373365879058,1.1639300733804705,-0.4099831879138945,1.303244009613991,1.013146078777226,5.0,6.0,18.0,-0.0855953693389892,0.7272782623767853,,0.0032059997320175,-1.013141006231308,,1,1,29
30,8,,18800.0,-1.0,14.0,15.0,CHOU Tien Chen,2.0,平球,,,,8.0,0.4171528816223144,-0.0380753278732299,,19.0,0.2417185455560684,0.5811251699924469,,,,,33.0,-0.1810373365879058,1.1639300733804705,-0.7502615749835967,1.2066326141357422,18.0,-0.0855953693389892,0.7272782623767853,-0.0572196096181869,1.0707376301288605,1.3426274694811886,7.0,5.0,33.0,-0.3331086933612823,1.1685572862625122,,0.5981902182102202,-1.2020054012537005,,1,1,29
30,9,,18900.0,-2.0,14.0,16.0,Kento MOMOTA,1.0,發短球,,,,28.0,0.0855953693389892,-0.7272782623767853,,1.0,-0.5825755596160888,-0.275672435760498,出界,對手出界,CHOU Tien Chen,,28.0,0.0855953693389892,-0.7272782623767853,-0.0855953693389892,0.7272782623767853,33.0,-0.3331086933612823,1.1685572862625122,0.0,0.0,0.0,1.0,0.0,7.0,0.0,0.0,,0.0,0.0,,1,1,29
30,10,,,,,,CHOU Tien Chen,,接不到,,,,7.0,0.0,0.0,,23.0,0.0,1.0,,,,,7.0,0.0,0.0,0.0,0.0,7.0,0.0,0.0,0.0,0.0,0.0,,,7.0,0.0,0.0,,0.0,0.0,,1,1,29
31,1,,19000.0,-1.0,15.0,16.0,CHOU Tien Chen,1.0,發短球,,,,28.0,0.0688360809401083,-0.8671849584924699,,19.0,0.0846991389989852,0.6403398215770721,出界,對手出界,Kento MOMOTA,,28.0,0.0688360809401083,-0.8671849584924699,-0.0688360809401083,0.8671849584924699,22.0,-0.1392498021645752,0.8001962198654203,0.0,0.0,0.0,1.0,0.0,7.0,0.0,0.0,,0.0,0.0,,1,1,30
31,2,,,,,,Kento MOMOTA,,接不到,,,,7.0,0.0,0.0,,23.0,0.0,1.0,,,,,7.0,0.0,0.0,0.0,0.0,7.0,0.0,0.0,0.0,0.0,0.0,,,7.0,0.0,0.0,,0.0,0.0,,1,1,30
32,1,,19100.0,-2.0,15.0,17.0,Kento MOMOTA,1.0,發短球,,,,32.0,-0.4130211857625572,-0.4812207727304882,,19.0,0.1031750440597534,0.5618473291397095,出界,對手出界,CHOU Tien Chen,,32.0,-0.4130211857625572,-0.4812207727304882,0.4130211857625572,0.4812207727304882,23.0,0.1336972940634785,0.8707984247323012,0.0,0.0,0.0,1.0,0.0,7.0,0.0,0.0,,0.0,0.0,,1,1,31
32,2,,,,,,CHOU Tien Chen,,接不到,,,,7.0,0.0,0.0,,23.0,0.0,1.0,,,,,7.0,0.0,0.0,0.0,0.0,7.0,0.0,0.0,0.0,0.0,0.0,,,7.0,0.0,0.0,,0.0,0.0,,1,1,31
33,1,,19200.0,-2.0,15.0,17.0,CHOU Tien Chen,1.0,發短球,,,,32.0,-0.3904894803366642,-0.617983678611608,,19.0,0.1196584552526474,0.642081618309021,,,,,32.0,-0.3904894803366642,-0.617983678611608,0.3826806758246402,1.768083105119558,19.0,0.0129906680457489,0.6385691527236255,0.0,0.0,0.0,1.0,0.0,33.0,-0.0078088045120239,1.15009942650795,,0.0,0.0,,1,1,32
33,2,,19300.0,-2.0,15.0,17.0,Kento MOMOTA,2.0,平球,,,,32.0,-0.1196584552526474,-0.642081618309021,,14.0,-0.0673365592956543,0.4895292520523072,,,,,19.0,0.0129906680457489,0.6385691527236255,0.1236328929662704,1.476463109254837,33.0,-0.0078088045120239,1.15009942650795,0.3826806758246402,1.768083105119558,1.2875023057293316,7.0,1.0,23.0,0.003974437713623,0.834381490945816,,-0.1326491232983963,-1.2806507710326465,,1,1,32
33,3,,19400.0,-2.0,15.0,17.0,CHOU Tien Chen,2.0,平球,,,,28.0,0.0673365592956543,-0.4895292520523072,,14.0,-0.0245332196354866,0.4827873706817627,,,,,33.0,-0.0078088045120239,1.15009942650795,-0.0799976587295532,1.547181349247694,23.0,0.003974437713623,0.834381490945816,0.1236328929662704,1.476463109254837,1.6413497583571406,7.0,7.0,33.0,-0.0126610994338989,1.0576520971953869,,0.0751453638076782,-1.6396286785602572,,1,1,32
33,4,,19500.0,-2.0,15.0,17.0,Kento MOMOTA,2.0,切球,,,,28.0,0.0245332196354866,-0.4827873706817627,,14.0,-0.1899287700653076,0.3788889646530152,,,,,23.0,0.003974437713623,0.834381490945816,-0.0798862650990486,1.2440946400165558,33.0,-0.0126610994338989,1.0576520971953869,-0.0799976587295532,1.547181349247694,1.3173292957933496,5.0,7.0,18.0,-0.055353045463562,0.7613072693347932,,0.0205587819218635,-1.3171688616275787,,1,1,32
33,5,,19600.0,-2.0,15.0,17.0,CHOU Tien Chen,2.0,切球,,,,28.0,0.1899287700653076,-0.3788889646530152,,19.0,0.1009629219770431,0.6101929545402527,,,,,33.0,-0.0126610994338989,1.0576520971953869,-0.3358053416013716,1.4233702719211578,18.0,-0.055353045463562,0.7613072693347932,-0.0798862650990486,1.2440946400165558,1.4507559676252375,5.0,5.0,33.0,-0.1458765715360641,1.0444813072681427,,0.2025898694992065,-1.436541061848402,,1,1,32
33,6,,19700.0,-2.0,15.0,17.0,Kento MOMOTA,2.0,挑球,,,,32.0,-0.1009629219770431,-0.6101929545402527,,21.0,-0.6191191789471452,0.8207758319594836,,,,,18.0,-0.055353045463562,0.7613072693347932,0.0392768830060958,1.3298640549182892,33.0,-0.1458765715360641,1.0444813072681427,-0.3358053416013716,1.4233702719211578,1.372258403116875,6.0,5.0,18.0,-0.0616860389709472,0.7196711003780365,,-0.0456098765134811,-1.3715002238750458,,1,1,32
33,7,,19800.0,-2.0,15.0,17.0,CHOU Tien Chen,2.0,切球,,,,28.0,0.6191191789471452,-0.8207758319594836,,23.0,0.1477746218442916,0.8876943439245223,,,,,33.0,-0.1458765715360641,1.0444813072681427,-0.8437947002016847,1.8557029058256125,18.0,-0.0616860389709472,0.7196711003780365,0.0392768830060958,1.3298640549182892,2.01603638203704,5.0,6.0,33.0,-0.2246755212545395,1.0349270738661287,,0.7649957504832092,-1.8652571392276265,,1,1,32
33,8,,19900.0,-3.0,15.0,18.0,Kento MOMOTA,2.0,平球,,,,32.0,-0.1477746218442916,-0.8876943439245223,,1.0,-0.4731781482696533,-0.1686609983444214,出界,對手出界,CHOU Tien Chen,,18.0,-0.0616860389709472,0.7196711003780365,0.1477746218442916,0.8876943439245223,33.0,-0.2246755212545395,1.0349270738661287,-0.8437947002016847,1.8557029058256125,1.6096691944741637,7.0,5.0,7.0,0.0,0.0,,-0.0860885828733444,-1.607365444302559,,1,1,32
33,9,,,,,,CHOU Tien Chen,,接不到,,,,7.0,0.0,0.0,,23.0,0.0,1.0,,,,,7.0,0.0,0.0,0.0,0.0,7.0,0.0,0.0,0.0,0.0,0.0,,,7.0,0.0,0.0,,0.0,0.0,,1,1,32
34,1,,20000.0,-2.0,16.0,18.0,CHOU Tien Chen,1.0,發短球,,,,28.0,0.2324431442060228,-0.667733919074491,,19.0,0.0608567409217357,0.6125466823577881,出界,對手出界,Kento MOMOTA,,28.0,0.2324431442060228,-0.667733919074491,-0.2324431442060228,0.667733919074491,22.0,-0.1803127115256952,0.8228058512990121,0.0,0.0,0.0,1.0,0.0,7.0,0.0,0.0,,0.0,0.0,,1,1,33
34,2,,,,,,Kento MOMOTA,,接不到,,,,7.0,0.0,0.0,,23.0,0.0,1.0,,,,,7.0,0.0,0.0,0.0,0.0,7.0,0.0,0.0,0.0,0.0,0.0,,,7.0,0.0,0.0,,0.0,0.0,,1,1,33
35,1,,20100.0,-3.0,16.0,19.0,Kento MOMOTA,1.0,發短球,,,,28.0,0.1377216431283862,-0.6313715770473853,,17.0,-0.4586353302001953,0.5617794990539551,出界,對手出界,CHOU Tien Chen,,28.0,0.1377216431283862,-0.6313715770473853,-0.1377216431283862,0.6313715770473853,18.0,-0.4007155293989603,0.6565148173756922,0.0,0.0,0.0,1.0,0.0,7.0,0.0,0.0,,0.0,0.0,,1,1,34
35,2,,,,,,CHOU Tien Chen,,接不到,,,,7.0,0.0,0.0,,23.0,0.0,1.0,,,,,7.0,0.0,0.0,0.0,0.0,7.0,0.0,0.0,0.0,0.0,0.0,,,7.0,0.0,0.0,,0.0,0.0,,1,1,34
36,1,,20200.0,-3.0,16.0,19.0,CHOU Tien Chen,1.0,發短球,,,,32.0,-0.2486800622031658,-0.6884095242264986,,19.0,0.3757420778274536,0.6695997714996338,,,,,32.0,-0.2486800622031658,-0.6884095242264986,0.2086997996852368,1.83314623143704,23.0,0.250799618620633,0.9155938876410796,0.0,0.0,0.0,1.0,0.0,33.0,-0.039980262517929,1.1447367072105408,,0.0,0.0,,1,1,35
36,2,,20300.0,-3.0,16.0,19.0,Kento MOMOTA,2.0,平球,,,,32.0,-0.3757420778274536,-0.6695997714996338,,15.0,0.0040134191513061,0.3899444937705993,,,,,23.0,0.250799618620633,0.9155938876410796,0.4851211309432983,1.486238032579422,33.0,-0.039980262517929,1.1447367072105408,0.2086997996852368,1.83314623143704,1.7045214678518923,7.0,1.0,23.0,0.1093790531158447,0.8166382610797883,,-0.6265416964480865,-1.5851936591407134,,1,1,35
36,3,,20400.0,-3.0,16.0,19.0,CHOU Tien Chen,2.0,切球,,,,32.0,-0.0040134191513061,-0.3899444937705993,,14.0,-0.0604454427957534,0.4778751730918884,,,,,33.0,-0.039980262517929,1.1447367072105408,0.0147335827350615,1.4647459834814072,23.0,0.1093790531158447,0.8166382610797883,0.4851211309432983,1.486238032579422,1.5351026032375406,5.0,7.0,33.0,0.0107201635837554,1.0748014897108078,,0.0359668433666229,-1.53468120098114,,1,1,35
36,4,,20500.0,-3.0,16.0,19.0,Kento MOMOTA,2.0,平球,,,,28.0,0.0604454427957534,-0.4778751730918884,,14.0,-0.1763308048248291,0.3978331089019775,,,,,23.0,0.1093790531158447,0.8166382610797883,-0.0925781875848769,1.266881987452507,33.0,0.0107201635837554,1.0748014897108078,0.0147335827350615,1.4647459834814072,1.2954379682060837,7.0,5.0,22.0,-0.0321327447891235,0.7890068143606187,,-0.0489336103200912,-1.2945134341716766,,1,1,35
36,5,,20600.0,-3.0,16.0,19.0,CHOU Tien Chen,2.0,挑球,,,,28.0,0.1763308048248291,-0.3978331089019775,,19.0,0.0271257609128952,0.5433337092399597,,,,,33.0,0.0107201635837554,1.0748014897108078,-0.2422708868980407,1.4848646521568296,22.0,-0.0321327447891235,0.7890068143606187,-0.0925781875848769,1.266881987452507,1.481917523185322,6.0,7.0,33.0,-0.0659400820732116,1.087031543254852,,0.1656106412410737,-1.4726345986127851,,1,1,35
36,6,,20700.0,-3.0,16.0,19.0,Kento MOMOTA,2.0,殺球,,,,32.0,-0.0271257609128952,-0.5433337092399597,,10.0,-0.3203580379486084,0.1600832939147949,,,,,22.0,-0.0321327447891235,0.7890068143606187,-0.0452305823564529,1.271375834941864,33.0,-0.0659400820732116,1.087031543254852,-0.2422708868980407,1.4848646521568296,1.3323499317806111,4.0,6.0,18.0,-0.0723563432693481,0.7280421257019043,,0.0050069838762283,-1.3323405236005783,,1,1,35
36,7,,20800.0,-3.0,16.0,19.0,CHOU Tien Chen,2.0,挑球,,,,3.0,0.3203580379486084,-0.1600832939147949,,15.0,0.1124332547187805,0.3839707374572754,,,,,33.0,-0.0659400820732116,1.087031543254852,-0.5288686007261276,1.3211896419525144,18.0,-0.0723563432693481,0.7280421257019043,-0.0452305823564529,1.271375834941864,1.3055733049588092,6.0,4.0,33.0,-0.2085105627775192,1.1611063480377195,,0.38629812002182,-1.247114837169647,,1,1,35
36,8,,20900.0,-4.0,16.0,20.0,Kento MOMOTA,2.0,網前球,,,,32.0,-0.1124332547187805,-0.3839707374572754,,5.0,-0.5255793333053589,-0.0514458417892456,出界,對手出界,CHOU Tien Chen,,18.0,-0.0723563432693481,0.7280421257019043,0.1124332547187805,0.3839707374572754,33.0,-0.2085105627775192,1.1611063480377195,-0.5288686007261276,1.3211896419525144,1.112734814168588,8.0,6.0,7.0,0.0,0.0,,-0.0400769114494324,-1.1120128631591797,,1,1,35
36,9,,,,,,CHOU Tien Chen,,接不到,,,,7.0,0.0,0.0,,23.0,0.0,1.0,,,,,7.0,0.0,0.0,0.0,0.0,7.0,0.0,0.0,0.0,0.0,0.0,,,7.0,0.0,0.0,,0.0,0.0,,1,1,35
37,1,,21000.0,-3.0,17.0,20.0,CHOU Tien Chen,1.0,發短球,,,,28.0,0.2579377814043854,-0.6968981237640082,,19.0,0.0194530189037323,0.6819821000099182,出界,對手出界,Kento MOMOTA,,28.0,0.2579377814043854,-0.6968981237640082,-0.2579377814043854,0.6968981237640082,22.0,-0.2177061464727747,0.8311425847763753,0.0,0.0,0.0,1.0,0.0,7.0,0.0,0.0,,0.0,0.0,,1,1,36
37,2,,,,,,Kento MOMOTA,,接不到,,,,7.0,0.0,0.0,,23.0,0.0,1.0,,,,,7.0,0.0,0.0,0.0,0.0,7.0,0.0,0.0,0.0,0.0,0.0,,,7.0,0.0,0.0,,0.0,0.0,,1,1,36
38,1,,21100.0,-4.0,17.0,21.0,Kento MOMOTA,2.0,發長球,,,,7.0,0.0,0.0,,19.0,0.0886389017105102,0.5647928714752196,出界,對手出界,CHOU Tien Chen,,7.0,0.0,0.0,0.0,0.0,23.0,0.0565498393751676,0.8538380255946921,0.0565498393751676,0.8538380255946921,0.0,2.0,,7.0,0.0,0.0,,0.0,0.0,,1,1,37
38,2,,,,,,CHOU Tien Chen,,接不到,,,,7.0,0.0,0.0,,23.0,0.0,1.0,,,,,7.0,0.0,0.0,0.0,0.0,7.0,0.0,0.0,0.0,0.0,0.0,,,7.0,0.0,0.0,,0.0,0.0,,1,1,37
2,1,,21200.0,1.0,1.0,0.0,CHOU Tien Chen,1.0,發短球,,,,28.0,0.2718197975739991,-0.8409372564754162,,23.0,0.0004600435495376,0.7774727195501326,出界,對手出界,CHOU Tien Chen,,28.0,0.2718197975739991,-0.8409372564754162,-0.2718197975739991,0.8409372564754162,22.0,-0.0908395898736569,0.8472675860551965,0.0,0.0,0.0,1.0,0.0,7.0,0.0,0.0,,0.0,0.0,,1,1,38
2,2,,,,,,Kento MOMOTA,,接不到,,,,7.0,0.0,0.0,,23.0,0.0,1.0,,,,,7.0,0.0,0.0,0.0,0.0,7.0,0.0,0.0,0.0,0.0,0.0,,,7.0,0.0,0.0,,0.0,0.0,,1,1,38
3,1,,21300.0,0.0,1.0,1.0,Kento MOMOTA,1.0,發短球,,,,32.0,-0.1387731828771337,-0.7168931657059961,,18.0,-0.0062128156423568,0.7308552265167236,出界,對手出界,CHOU Tien Chen,,32.0,-0.1387731828771337,-0.7168931657059961,0.1387731828771337,0.7168931657059961,19.0,0.124240032263337,0.6489487808833729,0.0,0.0,0.0,1.0,0.0,7.0,0.0,0.0,,0.0,0.0,,1,1,39
3,2,,,,,,CHOU Tien Chen,,接不到,,,,7.0,0.0,0.0,,23.0,0.0,1.0,,,,,7.0,0.0,0.0,0.0,0.0,7.0,0.0,0.0,0.0,0.0,0.0,,,7.0,0.0,0.0,,0.0,0.0,,1,1,39
4,1,,21400.0,0.0,1.0,1.0,CHOU Tien Chen,1.0,發短球,,,,32.0,-0.0585435132973801,-0.668216839758396,,16.0,0.5693977473223624,0.4768017030333444,,,Kento MOMOTA,,32.0,-0.0585435132973801,-0.668216839758396,0.048472474097551,1.8418697569050784,33.0,0.3628198422850873,1.109420734820895,0.0,0.0,0.0,1.0,0.0,33.0,-0.0100710391998291,1.1736529171466827,,0.0,0.0,,1,1,40
4,2,,21500.0,0.0,1.0,1.0,Kento MOMOTA,2.0,平球,,,,32.0,-0.5693977473223624,-0.4768017030333444,,33.0,0.5131342378510434,1.0800083929307749,,,,,33.0,0.3628198422850873,1.109420734820895,0.7327221183026251,1.3501905596827433,33.0,-0.0100710391998291,1.1736529171466827,0.048472474097551,1.8418697569050784,1.839872619701095,7.0,1.0,23.0,0.1633243709802627,0.8733888566493988,,-0.9322175896074496,-1.5862224378542396,,1,1,40
4,3,,21600.0,0.0,1.0,1.0,CHOU Tien Chen,2.0,平球,,,,33.0,-0.5131342378510434,-1.0800083929307749,,18.0,-0.2137059569358826,0.6837472319602966,,,,,33.0,-0.0100710391998291,1.1736529171466827,0.8388477531327205,1.9766003468640136,23.0,0.1633243709802627,0.8733888566493988,0.7327221183026251,1.3501905596827433,2.3091257831433163,7.0,7.0,23.0,0.3257135152816772,0.896591953933239,,-0.5030631986512143,-2.2536613100774576,,1,1,40
4,4,,21700.0,0.0,1.0,1.0,Kento MOMOTA,2.0,切球,,,,28.0,0.2137059569358826,-0.6837472319602966,,15.0,0.0019969642162323,0.3890113234519958,,,,,23.0,0.1633243709802627,0.8733888566493988,-0.261934369802475,1.5162692070007324,23.0,0.3257135152816772,0.896591953933239,0.8388477531327205,1.9766003468640136,1.5579509307594075,5.0,7.0,22.0,-0.0482284128665924,0.8325219750404358,,0.0503815859556198,-1.5571360886096954,,1,1,40
4,5,,21800.0,0.0,1.0,1.0,CHOU Tien Chen,2.0,平球,,,,32.0,-0.0019969642162323,-0.3890113234519958,,15.0,0.0294949114322662,0.4101327657699585,,,,,23.0,0.3257135152816772,0.896591953933239,-0.0258559323847293,1.468294367194176,22.0,-0.0482284128665924,0.8325219750404358,-0.261934369802475,1.5162692070007324,1.3267139651019004,7.0,5.0,33.0,-0.0278528966009616,1.07928304374218,,-0.3277104794979095,-1.2856032773852348,,1,1,40
4,6,,21900.0,-1.0,1.0,2.0,Kento MOMOTA,2.0,接不到,,,,7.0,0.0,0.0,,7.0,0.0,0.0,對手落地致勝,落地致勝,CHOU Tien Chen,,22.0,-0.0482284128665924,0.8325219750404358,0.0,0.0,33.0,-0.0278528966009616,1.07928304374218,-0.0258559323847293,1.468294367194176,0.8339177529785887,11.0,7.0,7.0,0.0,0.0,,0.0482284128665924,-0.8325219750404358,,1,1,40
4,7,,,,,,CHOU Tien Chen,,接不到,,,,7.0,0.0,0.0,,23.0,0.0,1.0,,,,,7.0,0.0,0.0,0.0,0.0,7.0,0.0,0.0,0.0,0.0,0.0,,,7.0,0.0,0.0,,0.0,0.0,,1,1,40
5,1,,22000.0,-1.0,1.0,2.0,CHOU Tien Chen,1.0,發短球,,,,28.0,0.3565341365731588,-0.8647989330007599,,18.0,-0.087939515709877,0.6992717385292053,,,,,28.0,0.3565341365731588,-0.8647989330007599,-0.3763011527455678,2.04480995211144,22.0,-0.3306755299828643,0.9019991217616832,0.0,0.0,0.0,1.0,0.0,33.0,-0.019767016172409,1.1800110191106796,,0.0,0.0,,1,1,41
5,2,,22100.0,-1.0,1.0,2.0,Kento MOMOTA,2.0,網前球,,,,28.0,0.087939515709877,-0.6992717385292053,,33.0,0.1856913091436765,1.150245131827696,,,,,22.0,-0.3306755299828643,0.9019991217616832,-0.1788818389177321,1.4606486707925797,33.0,-0.019767016172409,1.1800110191106796,-0.3763011527455678,2.04480995211144,1.655085171372476,8.0,1.0,18.0,-0.0909423232078552,0.7613769322633743,,0.4186150456927413,-1.6012708602908885,,1,1,41
5,3,,22200.0,-1.0,1.0,2.0,CHOU Tien Chen,2.0,發長球,,,,33.0,-0.1856913091436765,-1.150245131827696,,21.0,-0.4912013915138145,0.9276243238553944,,,,,33.0,-0.019767016172409,1.1800110191106796,0.3417840571895978,2.0676702278626995,18.0,-0.0909423232078552,0.7613769322633743,-0.1788818389177321,1.4606486707925797,2.3361559451338323,2.0,8.0,23.0,0.1560927480459213,0.9174250960350036,,-0.1659242929712674,-2.330256150938376,,1,1,41
5,4,,22300.0,-1.0,1.0,2.0,Kento MOMOTA,2.0,發長球,,,,28.0,0.4912013915138145,-0.9276243238553944,,14.0,-0.2096869349479675,0.4901230931282043,,,,,18.0,-0.0909423232078552,0.7613769322633743,-0.6453664508418937,1.6891244440183582,23.0,0.1560927480459213,0.9174250960350036,0.3417840571895978,2.0676702278626995,1.786509599123588,2.0,2.0,18.0,-0.1541650593280792,0.7615001201629639,,0.5821437147216697,-1.6890012561187686,,1,1,41
5,5,,22400.0,-1.0,1.0,2.0,CHOU Tien Chen,2.0,平球,,,,28.0,0.2096869349479675,-0.4901230931282043,,23.0,0.147560179233551,0.8758972585201263,,,,,23.0,0.1560927480459213,0.9174250960350036,-0.3429033160209654,1.6627006232738497,18.0,-0.1541650593280792,0.7615001201629639,-0.6453664508418937,1.6891244440183582,1.4085681530143712,7.0,2.0,33.0,-0.133216381072998,1.1725775301456451,,0.0535941869020462,-1.4075481891632078,,1,1,41
5,6,,22500.0,-1.0,1.0,2.0,Kento MOMOTA,2.0,切球,,,,32.0,-0.147560179233551,-0.8758972585201263,,5.0,-0.490862488746643,0.030247151851654,,,,,18.0,-0.1541650593280792,0.7615001201629639,0.1258867979049683,1.6179747581481934,33.0,-0.133216381072998,1.1725775301456451,-0.3429033160209654,1.6627006232738497,1.6374106999037592,5.0,7.0,18.0,-0.0216733813285827,0.742077499628067,,0.0066048800945281,-1.6373973786830902,,1,1,41
5,7,,22600.0,-1.0,1.0,2.0,CHOU Tien Chen,2.0,平球,,,,8.0,0.490862488746643,-0.030247151851654,,15.0,0.318529725074768,0.4583745002746581,,,,,33.0,-0.133216381072998,1.1725775301456451,-0.805150270462036,1.2194486260414124,18.0,-0.0216733813285827,0.742077499628067,0.1258867979049683,1.6179747581481934,1.3550873224177342,7.0,5.0,33.0,-0.314287781715393,1.1892014741897583,,0.624078869819641,-1.2028246819972992,,1,1,41
5,8,,22700.0,-2.0,1.0,3.0,Kento MOMOTA,1.0,發短球,,,,28.0,0.0216733813285827,-0.742077499628067,,31.0,-0.7231159210205078,-0.3058458566665649,出界,對手出界,CHOU Tien Chen,,28.0,0.0216733813285827,-0.742077499628067,-0.0216733813285827,0.742077499628067,33.0,-0.314287781715393,1.1892014741897583,0.0,0.0,0.0,1.0,0.0,7.0,0.0,0.0,,0.0,0.0,,1,1,41
5,9,,,,,,CHOU Tien Chen,,接不到,,,,7.0,0.0,0.0,,23.0,0.0,1.0,,,,,7.0,0.0,0.0,0.0,0.0,7.0,0.0,0.0,0.0,0.0,0.0,,,7.0,0.0,0.0,,0.0,0.0,,1,1,41
6,1,,22800.0,-1.0,2.0,3.0,CHOU Tien Chen,2.0,發長球,,,,7.0,0.0,0.0,,7.0,0.2288574278354645,-0.1462795734405517,出界,對手出界,Kento MOMOTA,,7.0,0.0,0.0,0.0,0.0,23.0,0.1554765201637091,0.9192726801203804,0.1554765201637091,0.9192726801203804,0.0,2.0,,7.0,0.0,0.0,,0.0,0.0,,1,1,42
6,2,,,,,,Kento MOMOTA,,接不到,,,,7.0,0.0,0.0,,23.0,0.0,1.0,,,,,7.0,0.0,0.0,0.0,0.0,7.0,0.0,0.0,0.0,0.0,0.0,,,7.0,0.0,0.0,,0.0,0.0,,1,1,42
7,1,,22900.0,-1.0,2.0,3.0,Kento MOMOTA,1.0,發短球,,,,28.0,0.1082995795231973,-0.6447905933669223,,22.0,-0.2592855095863342,0.7644537091255188,,,,,28.0,0.1082995795231973,-0.6447905933669223,-0.0985334776860391,1.685049567203821,18.0,-0.2607754967539633,0.7267122284320595,0.0,0.0,0.0,1.0,0.0,33.0,0.0097661018371582,1.0402589738368988,,0.0,0.0,,1,1,43
7,2,,23000.0,0.0,3.0,3.0,CHOU Tien Chen,2.0,接不到,,,,7.0,0.0,0.0,,7.0,0.0,0.0,對手落地致勝,落地致勝,Kento MOMOTA,,18.0,-0.2607754967539633,0.7267122284320595,0.0,0.0,33.0,0.0097661018371582,1.0402589738368988,-0.0985334776860391,1.685049567203821,0.7720845307736492,11.0,1.0,7.0,0.0,0.0,,0.2607754967539633,-0.7267122284320595,,1,1,43
7,3,,,,,,Kento MOMOTA,,接不到,,,,7.0,0.0,0.0,,23.0,0.0,1.0,,,,,7.0,0.0,0.0,0.0,0.0,7.0,0.0,0.0,0.0,0.0,0.0,,,7.0,0.0,0.0,,0.0,0.0,,1,1,43
8,1,,23100.0,0.0,3.0,3.0,Kento MOMOTA,1.0,發短球,,,,32.0,-0.1920434820246909,-0.5892302667066668,,19.0,0.130994826555252,0.6690118610858917,,,,,32.0,-0.1920434820246909,-0.5892302667066668,0.2579733120990012,1.7245234375164125,19.0,0.2181912708981626,0.542687544640485,0.0,0.0,0.0,1.0,0.0,33.0,0.0659298300743103,1.1352931708097458,,0.0,0.0,,1,1,44
8,2,,23200.0,1.0,4.0,3.0,CHOU Tien Chen,2.0,接不到,,,,7.0,0.0,0.0,,7.0,0.0,0.0,對手落地致勝,落地致勝,Kento MOMOTA,,19.0,0.2181912708981626,0.542687544640485,0.0,0.0,33.0,0.0659298300743103,1.1352931708097458,0.2579733120990012,1.7245234375164125,0.5849078575331962,11.0,1.0,7.0,0.0,0.0,,-0.2181912708981626,-0.542687544640485,,1,1,44
8,3,,,,,,Kento MOMOTA,,接不到,,,,7.0,0.0,0.0,,23.0,0.0,1.0,,,,,7.0,0.0,0.0,0.0,0.0,7.0,0.0,0.0,0.0,0.0,0.0,,,7.0,0.0,0.0,,0.0,0.0,,1,1,44
9,1,,23300.0,1.0,4.0,3.0,Kento MOMOTA,1.0,發短球,,,,28.0,0.3754506496451534,-0.5443940933523719,,18.0,-0.1860603541135788,0.7325020432472229,,,,,28.0,0.3754506496451534,-0.5443940933523719,-0.3939145592711604,1.569073854732329,18.0,-0.0773495773666391,0.7495697087355903,0.0,0.0,0.0,1.0,0.0,33.0,-0.018463909626007,1.0246797613799572,,0.0,0.0,,1,1,45
9,2,,23400.0,2.0,5.0,3.0,CHOU Tien Chen,2.0,接不到,,,,7.0,0.0,0.0,,7.0,0.0,0.0,對手落地致勝,落地致勝,Kento MOMOTA,,18.0,-0.0773495773666391,0.7495697087355903,0.0,0.0,33.0,-0.018463909626007,1.0246797613799572,-0.3939145592711604,1.569073854732329,0.7535500682587424,11.0,1.0,7.0,0.0,0.0,,0.0773495773666391,-0.7495697087355903,,1,1,45
9,3,,,,,,Kento MOMOTA,,接不到,,,,7.0,0.0,0.0,,23.0,0.0,1.0,,,,,7.0,0.0,0.0,0.0,0.0,7.0,0.0,0.0,0.0,0.0,0.0,,,7.0,0.0,0.0,,0.0,0.0,,1,1,45
10,1,,23500.0,2.0,5.0,3.0,Kento MOMOTA,1.0,發短球,,,,32.0,-0.2060791128279177,-0.5078734754902954,,19.0,0.1138128638267517,0.7179986536502838,,,,,32.0,-0.2060791128279177,-0.5078734754902954,0.2689604037405458,1.598995014963829,23.0,0.1653517107582767,0.9829321599507732,0.0,0.0,0.0,1.0,0.0,33.0,0.0628812909126281,1.0911215394735336,,0.0,0.0,,1,1,46
10,2,,23600.0,2.0,5.0,3.0,CHOU Tien Chen,2.0,長球,,,,32.0,-0.1138128638267517,-0.7179986536502838,,18.0,-0.1215364336967468,0.6090115010738373,,,,,23.0,0.1653517107582767,0.9829321599507732,0.192399725317955,1.7343923933804035,33.0,0.0628812909126281,1.0911215394735336,0.2689604037405458,1.598995014963829,1.7236874694563378,3.0,1.0,33.0,0.0785868614912033,1.01639373973012,,-0.2791645745850284,-1.700930813601057,,1,1,46
10,3,,23700.0,2.0,5.0,3.0,Kento MOMOTA,2.0,網前球,,,,28.0,0.1215364336967468,-0.6090115010738373,,14.0,-0.0169028043746948,0.4914367198944092,,,,,33.0,0.0628812909126281,1.0911215394735336,-0.160611867904663,1.3797778636217115,33.0,0.0785868614912033,1.01639373973012,0.192399725317955,1.7343923933804035,1.7011445503941969,8.0,3.0,22.0,-0.0390754342079162,0.7707663625478745,,0.0586551427841186,-1.700133040547371,,1,1,46
10,4,,23800.0,2.0,5.0,3.0,CHOU Tien Chen,2.0,切球,,,,28.0,0.0169028043746948,-0.4914367198944092,,18.0,-0.0216853450983762,0.599924236536026,,,,,33.0,0.0785868614912033,1.01639373973012,-0.0202341973781585,1.5529069863259792,22.0,-0.0390754342079162,0.7707663625478745,-0.160611867904663,1.3797778636217115,1.509091653238421,5.0,8.0,33.0,-0.0033313930034637,1.06147026643157,,-0.0616840571165085,-1.507830459624529,,1,1,46
10,5,,23900.0,2.0,5.0,3.0,Kento MOMOTA,2.0,平球,,,,28.0,0.0216853450983762,-0.599924236536026,,33.0,0.0087128678386736,1.303493166636153,,,,,22.0,-0.0390754342079162,0.7707663625478745,-0.0870579909533261,1.3895321786403656,33.0,-0.0033313930034637,1.06147026643157,-0.0202341973781585,1.5529069863259792,1.3720366579355268,7.0,5.0,22.0,-0.0653726458549499,0.7896079421043396,,0.0607607793062923,-1.3706905990839005,,1,1,46
10,6,,24000.0,2.0,5.0,3.0,CHOU Tien Chen,2.0,殺球,,,,33.0,-0.0087128678386736,-1.303493166636153,,33.0,0.1858995055309979,1.3335899097335877,,,,,33.0,-0.0033313930034637,1.06147026643157,0.063241607142024,2.0990839249598223,22.0,-0.0653726458549499,0.7896079421043396,-0.0870579909533261,1.3895321786403656,2.364969555833409,4.0,7.0,23.0,0.0545287393033504,0.7955907583236693,,-0.0053814748352099,-2.364963433067723,,1,1,46
10,7,,24100.0,1.0,5.0,4.0,Kento MOMOTA,1.0,發短球,,,,28.0,0.0653726458549499,-0.7896079421043396,,6.0,-0.3095101714134216,-0.0131020545959472,出界,對手出界,CHOU Tien Chen,,28.0,0.0653726458549499,-0.7896079421043396,-0.0653726458549499,0.7896079421043396,23.0,0.0545287393033504,0.7955907583236693,0.0,0.0,0.0,1.0,0.0,7.0,0.0,0.0,,0.0,0.0,,1,1,46
10,8,,,,,,CHOU Tien Chen,,接不到,,,,7.0,0.0,0.0,,23.0,0.0,1.0,,,,,7.0,0.0,0.0,0.0,0.0,7.0,0.0,0.0,0.0,0.0,0.0,,,7.0,0.0,0.0,,0.0,0.0,,1,1,46
11,1,,24200.0,1.0,5.0,4.0,CHOU Tien Chen,1.0,發短球,,,,28.0,0.0623466506605715,-0.6891298345428242,,18.0,-0.2227034419775009,0.6487089395523071,,,,,28.0,0.0623466506605715,-0.6891298345428242,-0.0262468144302934,1.8253339729409943,22.0,-0.3761417586948796,0.8028691115181978,0.0,0.0,0.0,1.0,0.0,33.0,0.036099836230278,1.1362041383981705,,0.0,0.0,,1,1,47
11,2,,24300.0,1.0,5.0,4.0,Kento MOMOTA,2.0,長球,,,,28.0,0.2227034419775009,-0.6487089395523071,,18.0,-0.1278190016746521,0.6836748719215393,,,,,22.0,-0.3761417586948796,0.8028691115181978,-0.3691480010747909,1.387189865112305,33.0,0.036099836230278,1.1362041383981705,-0.0262468144302934,1.8253339729409943,1.5702529772995144,3.0,1.0,18.0,-0.14644455909729,0.7384809255599976,,0.5988452006723805,-1.451578051070505,,1,1,47
11,3,,24400.0,1.0,5.0,4.0,CHOU Tien Chen,2.0,挑球,,,,28.0,0.1278190016746521,-0.6836748719215393,,23.0,0.0230097398161888,0.8839999288320541,,,,,33.0,0.036099836230278,1.1362041383981705,-0.2004995122551917,1.82964625954628,18.0,-0.14644455909729,0.7384809255599976,-0.3691480010747909,1.387189865112305,1.8221887985365453,6.0,3.0,33.0,-0.0726805105805396,1.1459713876247406,,0.0917191654443741,-1.8198790103197096,,1,1,47
11,4,,24500.0,1.0,5.0,4.0,Kento MOMOTA,2.0,殺球,,,,32.0,-0.0230097398161888,-0.8839999288320541,,33.0,-0.1406918410966743,1.1443616774046004,,,,,18.0,-0.14644455909729,0.7384809255599976,-0.0104861035943031,1.600785180926323,33.0,-0.0726805105805396,1.1459713876247406,-0.2004995122551917,1.82964625954628,1.627169406509267,4.0,6.0,18.0,-0.0334958434104919,0.7167852520942688,,0.1234348192811012,-1.6224808543920517,,1,1,47
11,5,,24600.0,1.0,5.0,4.0,CHOU Tien Chen,2.0,切球,,,,33.0,0.1406918410966743,-1.1443616774046004,,33.0,0.314405740889479,1.20667625985701,,,,,33.0,-0.0726805105805396,1.1459713876247406,-0.1116923765102971,2.0423332925998747,18.0,-0.0334958434104919,0.7167852520942688,-0.0104861035943031,1.600785180926323,2.30025070573339,5.0,4.0,23.0,0.0289994645863771,0.8979716151952744,,0.2133723516772139,-2.290333065029341,,1,1,47
11,6,,24700.0,1.0,5.0,4.0,Kento MOMOTA,2.0,推撲球,,,,33.0,-0.314405740889479,-1.20667625985701,,6.0,-0.1738547682762146,0.0542284250259399,,,,,18.0,-0.0334958434104919,0.7167852520942688,0.3649190680112136,1.8419845255430447,23.0,0.0289994645863771,0.8979716151952744,-0.1116923765102971,2.0423332925998747,1.9438658797508523,9.0,5.0,19.0,0.0505133271217346,0.6353082656860352,,-0.2809098974789871,-1.9234615119512788,,1,1,47
11,7,,24800.0,1.0,5.0,4.0,CHOU Tien Chen,2.0,切球,,,,7.0,0.1738547682762146,-0.0542284250259399,,23.0,0.0517588332295417,0.7902442514896393,,,,,23.0,0.0289994645863771,0.8979716151952744,-0.2952052056789398,1.2762698233127596,19.0,0.0505133271217346,0.6353082656860352,0.3649190680112136,1.8419845255430447,0.9631552188533048,5.0,9.0,33.0,-0.1213504374027252,1.2220413982868197,,0.1448553036898375,-0.9522000402212144,,1,1,47
11,8,,24900.0,0.0,5.0,5.0,Kento MOMOTA,1.0,發短球,,,,32.0,-0.0505133271217346,-0.6353082656860352,,5.0,-0.4282082319259643,-0.0360562801361084,出界,對手出界,CHOU Tien Chen,,32.0,-0.0505133271217346,-0.6353082656860352,0.0505133271217346,0.6353082656860352,33.0,-0.1213504374027252,1.2220413982868197,0.0,0.0,0.0,1.0,0.0,7.0,0.0,0.0,,0.0,0.0,,1,1,47
11,9,,,,,,CHOU Tien Chen,,接不到,,,,7.0,0.0,0.0,,23.0,0.0,1.0,,,,,7.0,0.0,0.0,0.0,0.0,7.0,0.0,0.0,0.0,0.0,0.0,,,7.0,0.0,0.0,,0.0,0.0,,1,1,47
12,1,,25000.0,1.0,6.0,5.0,CHOU Tien Chen,1.0,發短球,,,,32.0,-0.1422473412974003,-0.4945552666432375,,15.0,0.1573850065469742,0.3484314680099487,出界,對手出界,Kento MOMOTA,,32.0,-0.1422473412974003,-0.4945552666432375,0.1422473412974003,0.4945552666432375,19.0,0.0562243242800572,0.7297776232425299,0.0,0.0,0.0,1.0,0.0,7.0,0.0,0.0,,0.0,0.0,,1,1,48
12,2,,,,,,Kento MOMOTA,,接不到,,,,7.0,0.0,0.0,,23.0,0.0,1.0,,,,,7.0,0.0,0.0,0.0,0.0,7.0,0.0,0.0,0.0,0.0,0.0,,,7.0,0.0,0.0,,0.0,0.0,,1,1,48
13,1,,25100.0,0.0,6.0,6.0,Kento MOMOTA,2.0,接不到,,,,7.0,0.0,0.0,,7.0,0.0,0.0,對手落地致勝,落地致勝,CHOU Tien Chen,,7.0,0.0,0.0,0.0,0.0,18.0,-0.1398694781832113,0.7034927861661354,-0.1398694781832113,0.7034927861661354,0.0,11.0,,7.0,0.0,0.0,,0.0,0.0,,1,1,49
13,2,,,,,,CHOU Tien Chen,,接不到,,,,7.0,0.0,0.0,,23.0,0.0,1.0,,,,,7.0,0.0,0.0,0.0,0.0,7.0,0.0,0.0,0.0,0.0,0.0,,,7.0,0.0,0.0,,0.0,0.0,,1,1,49
14,1,,25200.0,1.0,7.0,6.0,CHOU Tien Chen,1.0,發短球,,,,28.0,0.2202234315670157,-0.5996461639049261,,14.0,-0.0090676173567771,0.5169349312782288,出界,對手出界,Kento MOMOTA,,28.0,0.2202234315670157,-0.5996461639049261,-0.2202234315670157,0.5996461639049261,22.0,-0.2048149987900638,0.7777790506095286,0.0,0.0,0.0,1.0,0.0,7.0,0.0,0.0,,0.0,0.0,,1,1,50
14,2,,,,,,Kento MOMOTA,,接不到,,,,7.0,0.0,0.0,,23.0,0.0,1.0,,,,,7.0,0.0,0.0,0.0,0.0,7.0,0.0,0.0,0.0,0.0,0.0,,,7.0,0.0,0.0,,0.0,0.0,,1,1,50
15,1,,25300.0,1.0,7.0,6.0,Kento MOMOTA,1.0,發短球,,,,32.0,-0.0297815609475798,-0.4962151034170262,,19.0,0.0337525606155395,0.6861696243286133,,,,,32.0,-0.0297815609475798,-0.4962151034170262,0.0682431269189543,1.5475628136092296,23.0,0.0810356700918526,0.8933089889837915,0.0,0.0,0.0,1.0,0.0,33.0,0.0384615659713745,1.0513477101922035,,0.0,0.0,,1,1,51
15,2,,25400.0,1.0,7.0,6.0,CHOU Tien Chen,2.0,切球,,,,32.0,-0.0337525606155395,-0.6861696243286133,,14.0,-0.035684622824192,0.5080866813659669,,,,,23.0,0.0810356700918526,0.8933089889837915,0.0403572265058755,1.7280707322061062,33.0,0.0384615659713745,1.0513477101922035,0.0682431269189543,1.5475628136092296,1.583644223877387,5.0,1.0,33.0,0.006604665890336,1.041901107877493,,-0.1147882307073921,-1.5794786133124048,,1,1,51
15,3,,25500.0,1.0,7.0,6.0,Kento MOMOTA,2.0,平球,,,,28.0,0.035684622824192,-0.5080866813659669,,33.0,0.0551934137009295,1.0438915623436305,,,,,33.0,0.0384615659713745,1.0513477101922035,-0.0499401465058326,1.2522853016853333,33.0,0.006604665890336,1.041901107877493,0.0403572265058755,1.7280707322061062,1.5594368640594731,7.0,5.0,18.0,-0.0142555236816406,0.7441986203193665,,-0.0027769431471824,-1.5594343915581703,,1,1,51
15,4,,25600.0,1.0,7.0,6.0,CHOU Tien Chen,2.0,切球,,,,33.0,-0.0551934137009295,-1.0438915623436305,,33.0,0.2400711106845466,1.1196217510022888,,,,,33.0,0.006604665890336,1.041901107877493,0.0882553092204245,1.942224702061209,18.0,-0.0142555236816406,0.7441986203193665,-0.0499401465058326,1.2522853016853333,2.08670794932816,5.0,7.0,23.0,0.033061895519495,0.8983331397175789,,-0.0617980795912655,-2.085792670221124,,1,1,51
15,5,,25700.0,1.0,7.0,6.0,Kento MOMOTA,2.0,發長球,,,,33.0,-0.2400711106845466,-1.1196217510022888,,6.0,-0.0724303722381591,0.0568488836288452,,,,,18.0,-0.0142555236816406,0.7441986203193665,0.2647686528750982,1.7926555249013671,23.0,0.033061895519495,0.8983331397175789,0.0882553092204245,1.942224702061209,1.877450147377304,2.0,5.0,19.0,0.0246975421905517,0.6730337738990784,,-0.225815587002906,-1.8638203713216552,,1,1,51
15,6,,25800.0,1.0,7.0,6.0,CHOU Tien Chen,2.0,殺球,,,,7.0,0.0724303722381591,-0.0568488836288452,,18.0,-0.0063354074954986,0.7427683472633362,,,,,23.0,0.033061895519495,0.8983331397175789,-0.1928445249795912,1.2913275510072708,19.0,0.0246975421905517,0.6730337738990784,0.2647686528750982,1.7926555249013671,0.9559929783650698,4.0,2.0,33.0,-0.1204141527414321,1.2344786673784256,,0.039368476718664,-0.955182023346424,,1,1,51
15,7,,25900.0,1.0,7.0,6.0,Kento MOMOTA,2.0,切球,,,,28.0,0.0063354074954986,-0.7427683472633362,,33.0,-0.3998844825768752,1.0348939496463123,,,,,19.0,0.0246975421905517,0.6730337738990784,-0.0516608655452727,1.4318431913852692,33.0,-0.1204141527414321,1.2344786673784256,-0.1928445249795912,1.2913275510072708,1.4159211892893444,5.0,4.0,18.0,-0.0453254580497741,0.689074844121933,,-0.0183621346950531,-1.4158021211624146,,1,1,51
15,8,,26000.0,1.0,7.0,6.0,CHOU Tien Chen,2.0,長球,,,,33.0,0.3998844825768752,-1.0348939496463123,,13.0,-0.6153653195085438,0.3468549598907202,,,,,33.0,-0.1204141527414321,1.2344786673784256,-0.4791207515740675,1.930285764056999,18.0,-0.0453254580497741,0.689074844121933,-0.0516608655452727,1.4318431913852692,2.3282531530776027,3.0,5.0,22.0,-0.0792362689971923,0.8953918144106866,,0.5202986353183073,-2.2693726170247377,,1,1,51
15,9,,26100.0,1.0,7.0,6.0,Kento MOMOTA,2.0,平球,,,,4.0,0.6153653195085438,-0.3468549598907202,,9.0,-0.6760054826736451,0.2132126092910766,,,,,18.0,-0.0453254580497741,0.689074844121933,-0.8208244373979481,1.077426319286701,22.0,-0.0792362689971923,0.8953918144106866,-0.4791207515740675,1.930285764056999,1.2286833857395114,7.0,3.0,18.0,-0.2054591178894043,0.7305713593959808,,0.6606907775583178,-1.0359298040126532,,1,1,51
15,10,,26200.0,1.0,7.0,6.0,CHOU Tien Chen,2.0,網前球,,,,4.0,0.6760054826736451,-0.2132126092910766,,19.0,0.3028282523155212,0.6143814921379089,,,,,22.0,-0.0792362689971923,0.8953918144106866,-1.008310317993164,1.3927205950021742,18.0,-0.2054591178894043,0.7305713593959808,-0.8208244373979481,1.077426319286701,1.341414876806558,8.0,7.0,33.0,-0.332304835319519,1.1795079857110975,,0.7552417516708374,-1.1086044237017632,,1,1,51
15,11,,26300.0,0.0,7.0,7.0,Kento MOMOTA,2.0,發長球,,,,32.0,-0.3028282523155212,-0.6143814921379089,,31.0,-0.7830607891082764,-0.3978675603866576,出界,對手出界,CHOU Tien Chen,,18.0,-0.2054591178894043,0.7305713593959808,0.3028282523155212,0.6143814921379089,33.0,-0.332304835319519,1.1795079857110975,-1.008310317993164,1.3927205950021742,1.3484728106966164,2.0,8.0,7.0,0.0,0.0,,-0.0973691344261168,-1.3449528515338898,,1,1,51
15,12,,,,,,CHOU Tien Chen,,接不到,,,,7.0,0.0,0.0,,23.0,0.0,1.0,,,,,7.0,0.0,0.0,0.0,0.0,7.0,0.0,0.0,0.0,0.0,0.0,,,7.0,0.0,0.0,,0.0,0.0,,1,1,51
16,1,,26400.0,0.0,7.0,7.0,CHOU Tien Chen,1.0,發短球,,,,32.0,-0.0334153831435076,-0.7912536620057502,,19.0,0.2951532006263733,0.6231193542480469,,,,,32.0,-0.0334153831435076,-0.7912536620057502,0.0099220037890307,1.951012781158773,19.0,0.1994682744891534,0.540699969258607,0.0,0.0,0.0,1.0,0.0,33.0,-0.0234933793544769,1.1597591191530228,,0.0,0.0,,1,1,52
16,2,,26500.0,-1.0,7.0,8.0,Kento MOMOTA,2.0,接不到,,,,7.0,0.0,0.0,,7.0,0.0,0.0,對手落地致勝,落地致勝,CHOU Tien Chen,,19.0,0.1994682744891534,0.540699969258607,0.0,0.0,33.0,-0.0234933793544769,1.1597591191530228,0.0099220037890307,1.951012781158773,0.5763193986705105,11.0,1.0,7.0,0.0,0.0,,-0.1994682744891534,-0.540699969258607,,1,1,52
16,3,,,,,,CHOU Tien Chen,,接不到,,,,7.0,0.0,0.0,,23.0,0.0,1.0,,,,,7.0,0.0,0.0,0.0,0.0,7.0,0.0,0.0,0.0,0.0,0.0,,,7.0,0.0,0.0,,0.0,0.0,,1,1,52
17,1,,26600.0,0.0,8.0,8.0,CHOU Tien Chen,1.0,發短球,,,,28.0,0.0860935109883782,-0.5953477124041702,,14.0,-0.0054047331213951,0.4250643253326416,出界,對手出界,Kento MOMOTA,,28.0,0.0860935109883782,-0.5953477124041702,-0.0860935109883782,0.5953477124041702,18.0,-0.2066272626692732,0.7564985836745062,0.0,0.0,0.0,1.0,0.0,7.0,0.0,0.0,,0.0,0.0,,1,1,53
17,2,,,,,,Kento MOMOTA,,接不到,,,,7.0,0.0,0.0,,23.0,0.0,1.0,,,,,7.0,0.0,0.0,0.0,0.0,7.0,0.0,0.0,0.0,0.0,0.0,,,7.0,0.0,0.0,,0.0,0.0,,1,1,53
18,1,,26700.0,0.0,8.0,8.0,Kento MOMOTA,1.0,發短球,,,,28.0,0.3842915643431406,-0.4921058427847643,,18.0,-0.2182888388633728,0.6833076775074005,,,,,28.0,0.3842915643431406,-0.4921058427847643,-0.4150703896261911,1.4793661248244068,18.0,-0.1103131623856889,0.7006060920581433,0.0,0.0,0.0,1.0,0.0,22.0,-0.0307788252830505,0.9872602820396424,,0.0,0.0,,1,1,54
18,2,,26800.0,1.0,9.0,8.0,CHOU Tien Chen,2.0,接不到,,,,7.0,0.0,0.0,,7.0,0.0,0.0,對手落地致勝,落地致勝,Kento MOMOTA,,18.0,-0.1103131623856889,0.7006060920581433,0.0,0.0,22.0,-0.0307788252830505,0.9872602820396424,-0.4150703896261911,1.4793661248244068,0.7092375413248476,11.0,1.0,7.0,0.0,0.0,,0.1103131623856889,-0.7006060920581433,,1,1,54
18,3,,,,,,Kento MOMOTA,,接不到,,,,7.0,0.0,0.0,,23.0,0.0,1.0,,,,,7.0,0.0,0.0,0.0,0.0,7.0,0.0,0.0,0.0,0.0,0.0,,,7.0,0.0,0.0,,0.0,0.0,,1,1,54
19,1,,26900.0,1.0,9.0,8.0,Kento MOMOTA,2.0,發長球,,,,7.0,0.0,0.0,,33.0,0.5498252019799912,1.1029421622069653,,,,,7.0,0.0,0.0,0.1204702258110046,1.0330410748720171,23.0,0.0856626917648836,0.844608474487114,0.0856626917648836,0.844608474487114,0.0,2.0,,33.0,0.1204702258110046,1.0330410748720171,,0.0,0.0,,1,1,55
19,2,,27000.0,1.0,9.0,8.0,CHOU Tien Chen,2.0,殺球,,,,33.0,-0.5498252019799912,-1.1029421622069653,,18.0,-0.2270249724388122,0.7445724010467529,,,,,23.0,0.0856626917648836,0.844608474487114,0.8512184128679001,2.048608173629838,33.0,0.1204702258110046,1.0330410748720171,0.1204702258110046,1.0330410748720171,2.0486088805781866,4.0,2.0,23.0,0.301393210887909,0.9456660114228724,,-0.6354878937448748,-1.94755063669408,,1,1,55
19,3,,27100.0,1.0,9.0,8.0,Kento MOMOTA,2.0,切球,,,,28.0,0.2270249724388122,-0.7445724010467529,,33.0,0.4298034411817441,1.140516553925924,,,,,33.0,0.1204702258110046,1.0330410748720171,-0.2932110428810119,1.418282389640808,23.0,0.301393210887909,0.9456660114228724,0.8512184128679001,2.048608173629838,1.780804195805066,5.0,4.0,18.0,-0.0661860704421997,0.6737099885940552,,0.1065547466278076,-1.77761347591877,,1,1,55
19,4,,27200.0,1.0,9.0,8.0,CHOU Tien Chen,2.0,平球,,,,33.0,-0.4298034411817441,-1.140516553925924,,14.0,-0.1644093692302704,0.3768091797828674,,,,,23.0,0.301393210887909,0.9456660114228724,0.6433418345600017,1.9875347362036035,18.0,-0.0661860704421997,0.6737099885940552,-0.2932110428810119,1.418282389640808,2.2106121866947075,7.0,5.0,23.0,0.2135383933782577,0.8470181822776794,,-0.7311966520696531,-2.0861825653487966,,1,1,55
19,5,,27300.0,1.0,9.0,8.0,Kento MOMOTA,2.0,挑球,,,,28.0,0.1644093692302704,-0.3768091797828674,,10.0,-0.028025209903717,0.2735909819602966,,,,,18.0,-0.0661860704421997,0.6737099885940552,-0.2787949740886688,1.1717984080314636,23.0,0.2135383933782577,0.8470181822776794,0.6433418345600017,1.9875347362036035,1.0755299995467726,6.0,7.0,22.0,-0.1143856048583984,0.7949892282485962,,0.2305954396724701,-1.0505191683769226,,1,1,55
19,6,,27400.0,1.0,9.0,8.0,CHOU Tien Chen,2.0,網前球,,,,3.0,0.028025209903717,-0.2735909819602966,,23.0,0.0442833006381988,0.811752200126648,,,,,23.0,0.2135383933782577,0.8470181822776794,-0.0748697817325591,1.5021016001701355,22.0,-0.1143856048583984,0.7949892282485962,-0.2787949740886688,1.1717984080314636,1.1358609246809197,8.0,6.0,33.0,-0.0468445718288421,1.2285106182098389,,-0.1855131834745407,-1.120609164237976,,1,1,55
19,7,,27500.0,0.0,9.0,9.0,Kento MOMOTA,2.0,網前球,,,,32.0,-0.0442833006381988,-0.811752200126648,,6.0,-0.2465200424194336,-0.0331989526748657,出界,對手出界,CHOU Tien Chen,,22.0,-0.1143856048583984,0.7949892282485962,0.0442833006381988,0.811752200126648,33.0,-0.0468445718288421,1.2285106182098389,-0.0748697817325591,1.5021016001701355,1.6082699868847583,8.0,8.0,7.0,0.0,0.0,,0.0701023042201996,-1.606741428375244,,1,1,55
19,8,,,,,,CHOU Tien Chen,,接不到,,,,7.0,0.0,0.0,,23.0,0.0,1.0,,,,,7.0,0.0,0.0,0.0,0.0,7.0,0.0,0.0,0.0,0.0,0.0,,,7.0,0.0,0.0,,0.0,0.0,,1,1,55
20,1,,27600.0,0.0,9.0,9.0,CHOU Tien Chen,1.0,發短球,,,,32.0,-0.2035644683450401,-0.6997603736634924,,19.0,0.3477177321910858,0.6389304399490356,,,,,32.0,-0.2035644683450401,-0.6997603736634924,0.1660893592446983,1.830633964371272,23.0,0.1960429689164927,0.8413695805358687,0.0,0.0,0.0,1.0,0.0,33.0,-0.0374751091003418,1.130873590707779,,0.0,0.0,,1,1,56
20,2,,27700.0,0.0,9.0,9.0,Kento MOMOTA,2.0,平球,,,,32.0,-0.3477177321910858,-0.6389304399490356,,15.0,0.1064615845680236,0.3537396788597107,,,,,23.0,0.1960429689164927,0.8413695805358687,0.4510378539562225,1.4455711245536804,33.0,-0.0374751091003418,1.130873590707779,0.1660893592446983,1.830633964371272,1.577011049649499,7.0,1.0,23.0,0.1033201217651367,0.8066406846046448,,-0.5437607011075785,-1.4803000204849044,,1,1,56
20,3,,27800.0,0.0,9.0,9.0,CHOU Tien Chen,2.0,長球,,,,2.0,-0.1064615845680236,-0.3537396788597107,,14.0,-0.1174862533807754,0.4780164361000061,,,,,33.0,-0.0374751091003418,1.130873590707779,0.1378704458475112,1.4622976183891296,23.0,0.1033201217651367,0.8066406846046448,0.4510378539562225,1.4455711245536804,1.4862152246472664,3.0,7.0,33.0,0.0314088612794876,1.108557939529419,,-0.0689864754676818,-1.4846132695674896,,1,1,56
20,4,,27900.0,0.0,9.0,9.0,Kento MOMOTA,2.0,長球,,,,28.0,0.1174862533807754,-0.4780164361000061,,14.0,-0.0683719515800476,0.3522158861160278,,,,,23.0,0.1033201217651367,0.8066406846046448,-0.1504937559366225,1.221469163894653,33.0,0.0314088612794876,1.108557939529419,0.1378704458475112,1.4622976183891296,1.284735224496517,3.0,3.0,18.0,-0.0330075025558471,0.7434527277946472,,0.0141661316156386,-1.2846571207046509,,1,1,56
20,5,,28000.0,0.0,9.0,9.0,CHOU Tien Chen,2.0,平球,,,,3.0,0.0683719515800476,-0.3522158861160278,,22.0,-0.0057069957256317,0.896495372056961,,,,,33.0,0.0314088612794876,1.108557939529419,-0.1529920846223831,1.5971408933401108,18.0,-0.0330075025558471,0.7434527277946472,-0.1504937559366225,1.221469163894653,1.4612414036480768,7.0,3.0,33.0,-0.0846201330423355,1.244925007224083,,0.0369630903005599,-1.4607738256454468,,1,1,56
20,6,,28100.0,0.0,9.0,9.0,Kento MOMOTA,2.0,切球,,,,28.0,0.0057069957256317,-0.896495372056961,,23.0,0.1871171559805361,0.9878282956778516,,,,,18.0,-0.0330075025558471,0.7434527277946472,-0.0542945563793182,1.5047535896301267,33.0,-0.0846201330423355,1.244925007224083,-0.1529920846223831,1.5971408933401108,1.640405005656861,5.0,7.0,18.0,-0.0485875606536865,0.6082582175731658,,0.0387144982814788,-1.6399480998516085,,1,1,56
20,7,,28200.0,0.0,9.0,9.0,CHOU Tien Chen,2.0,推撲球,,,,32.0,-0.1871171559805361,-0.9878282956778516,,33.0,0.3285421195536803,1.2425613015189236,,,,,33.0,-0.0846201330423355,1.244925007224083,0.3605181540960755,1.8959636129438389,18.0,-0.0485875606536865,0.6082582175731658,-0.0542945563793182,1.5047535896301267,2.235104684646939,9.0,5.0,23.0,0.1734009981155395,0.9081353172659872,,-0.1024970229382006,-2.2327533029019344,,1,1,56
20,8,,28300.0,-1.0,9.0,10.0,Kento MOMOTA,2.0,長球,,,,33.0,-0.3285421195536803,-1.2425613015189236,,2.0,-0.1354502439498901,-0.1731926202774047,出界,對手出界,CHOU Tien Chen,,18.0,-0.0485875606536865,0.6082582175731658,0.3285421195536803,1.2425613015189236,23.0,0.1734009981155395,0.9081353172659872,0.3605181540960755,1.8959636129438389,1.871872711297743,3.0,9.0,7.0,0.0,0.0,,-0.2799545588999937,-1.8508195190920893,,1,1,56
20,9,,,,,,CHOU Tien Chen,,接不到,,,,7.0,0.0,0.0,,23.0,0.0,1.0,,,,,7.0,0.0,0.0,0.0,0.0,7.0,0.0,0.0,0.0,0.0,0.0,,,7.0,0.0,0.0,,0.0,0.0,,1,1,56
21,1,,28400.0,0.0,10.0,10.0,CHOU Tien Chen,1.0,發短球,,,,28.0,0.3754131076722234,-0.6689921838609983,,19.0,0.0738473385572433,0.6357273161411285,出界,對手出界,Kento MOMOTA,,28.0,0.3754131076722234,-0.6689921838609983,-0.3754131076722234,0.6689921838609983,22.0,-0.206415875888441,0.9168048569013632,0.0,0.0,0.0,1.0,0.0,7.0,0.0,0.0,,0.0,0.0,,1,1,57
21,2,,,,,,Kento MOMOTA,,接不到,,,,7.0,0.0,0.0,,23.0,0.0,1.0,,,,,7.0,0.0,0.0,0.0,0.0,7.0,0.0,0.0,0.0,0.0,0.0,,,7.0,0.0,0.0,,0.0,0.0,,1,1,57
22,1,,28500.0,-1.0,10.0,11.0,Kento MOMOTA,2.0,接不到,,,,7.0,0.0,0.0,,7.0,0.0,0.0,對手落地致勝,落地致勝,CHOU Tien Chen,,7.0,0.0,0.0,0.0,0.0,18.0,-0.2643213411678859,0.7121643903734409,-0.2643213411678859,0.7121643903734409,0.0,11.0,,7.0,0.0,0.0,,0.0,0.0,,1,1,58
22,2,,,,,,CHOU Tien Chen,,接不到,,,,7.0,0.0,0.0,,23.0,0.0,1.0,,,,,7.0,0.0,0.0,0.0,0.0,7.0,0.0,0.0,0.0,0.0,0.0,,,7.0,0.0,0.0,,0.0,0.0,,1,1,58
23,1,,28600.0,0.0,11.0,11.0,CHOU Tien Chen,1.0,發短球,,,,32.0,-0.0169898549988781,-0.487897380909092,,8.0,0.4677962362766266,0.0639606714248657,出界,對手出界,Kento MOMOTA,,32.0,-0.0169898549988781,-0.487897380909092,0.0169898549988781,0.487897380909092,23.0,0.2615390567115446,0.8646069806956543,0.0,0.0,0.0,1.0,0.0,7.0,0.0,0.0,,0.0,0.0,,1,1,59
23,2,,,,,,Kento MOMOTA,,接不到,,,,7.0,0.0,0.0,,23.0,0.0,1.0,,,,,7.0,0.0,0.0,0.0,0.0,7.0,0.0,0.0,0.0,0.0,0.0,,,7.0,0.0,0.0,,0.0,0.0,,1,1,59
24,1,,28700.0,0.0,11.0,11.0,Kento MOMOTA,1.0,發短球,,,,33.0,-0.1982496195475702,-1.1107129510724267,,24.0,0.5138304935598226,0.9337974467628574,,,,,33.0,-0.1982496195475702,-1.1107129510724267,0.2518188172022943,1.9698260631644449,23.0,0.1528767099013505,0.962226553239957,0.0,0.0,0.0,1.0,0.0,23.0,0.0535691976547241,0.8591131120920181,,0.0,0.0,,1,1,60
24,2,,28800.0,0.0,11.0,11.0,CHOU Tien Chen,2.0,殺球,,,,32.0,-0.5138304935598226,-0.9337974467628574,,33.0,0.5555777402311568,1.113436818585471,,,,,23.0,0.1528767099013505,0.962226553239957,0.7257986770772786,1.833424126481352,23.0,0.0535691976547241,0.8591131120920181,0.2518188172022943,1.9698260631644449,2.0098272323097053,4.0,1.0,23.0,0.211968183517456,0.8996266797184943,,-0.6667072034611731,-1.8960240000028143,,1,1,60
24,3,,28900.0,0.0,11.0,11.0,Kento MOMOTA,2.0,切球,,,,33.0,-0.5555777402311568,-1.113436818585471,,11.0,0.2485748529434204,0.1941966414451599,,,,,23.0,0.0535691976547241,0.8591131120920181,0.628524765530229,1.783446014390067,23.0,0.211968183517456,0.8996266797184943,0.7257986770772786,1.833424126481352,2.064464390817025,5.0,4.0,19.0,0.0729470252990722,0.670009195804596,,-0.6091469378858809,-1.9725499306774887,,1,1,60
24,4,,29000.0,0.0,11.0,11.0,CHOU Tien Chen,2.0,平球,,,,2.0,-0.2485748529434204,-0.1941966414451599,,14.0,-0.1494023203849792,0.4691398739814758,,,,,23.0,0.211968183517456,0.8996266797184943,0.3082237541675567,1.2735127359628675,19.0,0.0729470252990722,0.670009195804596,0.628524765530229,1.783446014390067,1.186823216133764,7.0,5.0,33.0,0.0596489012241363,1.0793160945177078,,-0.4605430364608764,-1.0938233211636543,,1,1,60
24,5,,29100.0,0.0,11.0,11.0,Kento MOMOTA,2.0,長球,,,,28.0,0.1494023203849792,-0.4691398739814758,,10.0,-0.086969256401062,0.2789345383644104,,,,,19.0,0.0729470252990722,0.670009195804596,-0.2189421057701109,1.2029553651809692,33.0,0.0596489012241363,1.0793160945177078,0.3082237541675567,1.2735127359628675,1.1417118793028065,3.0,7.0,18.0,-0.0695397853851318,0.7338154911994934,,0.076455295085907,-1.1391490697860718,,1,1,60
24,6,,29200.0,0.0,11.0,11.0,CHOU Tien Chen,2.0,網前球,,,,3.0,0.086969256401062,-0.2789345383644104,,23.0,0.0062614381313323,0.8889250606298447,,,,,33.0,0.0596489012241363,1.0793160945177078,-0.1990579068660736,1.5421052575111387,18.0,-0.0695397853851318,0.7338154911994934,-0.2189421057701109,1.2029553651809692,1.3585253709561953,8.0,3.0,33.0,-0.1120886504650116,1.2631707191467283,,0.0273203551769257,-1.3582506328821182,,1,1,60
24,7,,29300.0,-1.0,11.0,12.0,Kento MOMOTA,2.0,切球,,,,32.0,-0.0062614381313323,-0.8889250606298447,,6.0,-0.286413311958313,-0.0378675460815429,出界,對手出界,CHOU Tien Chen,,18.0,-0.0695397853851318,0.7338154911994934,0.0062614381313323,0.8889250606298447,33.0,-0.1120886504650116,1.2631707191467283,-0.1990579068660736,1.5421052575111387,1.6239738445500151,5.0,8.0,7.0,0.0,0.0,,0.0632783472537995,-1.622740551829338,,1,1,60
24,8,,,,,,CHOU Tien Chen,,接不到,,,,7.0,0.0,0.0,,23.0,0.0,1.0,,,,,7.0,0.0,0.0,0.0,0.0,7.0,0.0,0.0,0.0,0.0,0.0,,,7.0,0.0,0.0,,0.0,0.0,,1,1,60
25,1,,29400.0,0.0,12.0,12.0,CHOU Tien Chen,1.0,發短球,,,,28.0,0.0625810233751849,-0.7234967351491082,,19.0,0.1176769882440567,0.6175447702407837,出界,對手出界,Kento MOMOTA,,28.0,0.0625810233751849,-0.7234967351491082,-0.0625810233751849,0.7234967351491082,22.0,-0.1111658875296926,0.8043028821624315,0.0,0.0,0.0,1.0,0.0,7.0,0.0,0.0,,0.0,0.0,,1,1,61
25,2,,,,,,Kento MOMOTA,,接不到,,,,7.0,0.0,0.0,,23.0,0.0,1.0,,,,,7.0,0.0,0.0,0.0,0.0,7.0,0.0,0.0,0.0,0.0,0.0,,,7.0,0.0,0.0,,0.0,0.0,,1,1,61
26,1,,29500.0,0.0,12.0,12.0,Kento MOMOTA,2.0,發長球,,,,7.0,0.0,0.0,,33.0,0.2183069021426291,1.0835338772410794,,,,,7.0,0.0,0.0,0.0709447860717773,1.0250034406781197,22.0,-0.3365213671043758,0.8844273531291743,-0.3365213671043758,0.8844273531291743,0.0,2.0,,33.0,0.0709447860717773,1.0250034406781197,,0.0,0.0,,1,1,62
26,2,,29600.0,0.0,12.0,12.0,CHOU Tien Chen,2.0,殺球,,,,33.0,-0.2183069021426291,-1.0835338772410794,,22.0,-0.0489702075719833,0.8035007417201996,,,,,22.0,-0.3365213671043758,0.8844273531291743,0.3346408636294455,2.0416007653946324,33.0,0.0709447860717773,1.0250034406781197,0.0709447860717773,1.0250034406781197,1.971508575676656,4.0,2.0,23.0,0.1163339614868164,0.958066888153553,,0.1182144649617467,-1.9679612303702536,,1,1,62
26,3,,29700.0,0.0,12.0,12.0,Kento MOMOTA,2.0,平球,,,,28.0,0.0489702075719833,-0.8035007417201996,,15.0,0.074830412864685,0.4088847041130066,,,,,33.0,0.0709447860717773,1.0250034406781197,-0.0899821370840072,1.4622841775417328,23.0,0.1163339614868164,0.958066888153553,0.3346408636294455,2.0416007653946324,1.8286362205612108,7.0,4.0,18.0,-0.0410119295120239,0.6587834358215332,,-0.021974578499794,-1.8285041823983192,,1,1,62
26,4,,29800.0,0.0,12.0,12.0,CHOU Tien Chen,2.0,切球,,,,32.0,-0.074830412864685,-0.4088847041130066,,14.0,-0.0994216948747634,0.4434942007064819,,,,,23.0,0.1163339614868164,0.958066888153553,0.1132985055446624,1.489356465637684,18.0,-0.0410119295120239,0.6587834358215332,-0.0899821370840072,1.4622841775417328,1.380253771457004,5.0,7.0,33.0,0.0384680926799774,1.0804717615246773,,-0.1911643743515014,-1.3669515922665596,,1,1,62
26,5,,29900.0,0.0,12.0,12.0,Kento MOMOTA,2.0,平球,,,,28.0,0.0994216948747634,-0.4434942007064819,,22.0,-0.0995206465476985,0.9812710116215504,,,,,18.0,-0.0410119295120239,0.6587834358215332,-0.189829185605049,1.1695042848587036,33.0,0.0384680926799774,1.0804717615246773,0.1132985055446624,1.489356465637684,1.1111874688135197,7.0,5.0,18.0,-0.0904074907302856,0.7260100841522217,,0.1404336243867873,-1.1022776365280151,,1,1,62
26,6,,30000.0,0.0,12.0,12.0,CHOU Tien Chen,2.0,切球,,,,28.0,0.0995206465476985,-0.9812710116215504,,15.0,0.0856499969959259,0.4450632929801941,,,,,33.0,0.0384680926799774,1.0804717615246773,-0.108865697448873,1.862589305133418,18.0,-0.0904074907302856,0.7260100841522217,-0.189829185605049,1.1695042848587036,2.0626465225419666,5.0,7.0,22.0,-0.0093450509011745,0.8813182935118675,,0.0610525538677211,-2.061742773146228,,1,1,62
26,7,,30100.0,0.0,12.0,12.0,Kento MOMOTA,2.0,平球,,,,32.0,-0.0856499969959259,-0.4450632929801941,,33.0,-0.5198614498088766,1.234120537676589,,,,,18.0,-0.0904074907302856,0.7260100841522217,-9.36686992644986e-05,1.153554081916809,22.0,-0.0093450509011745,0.8813182935118675,-0.108865697448873,1.862589305133418,1.1710830407682258,7.0,5.0,18.0,-0.0857436656951904,0.708490788936615,,0.0047574937343597,-1.1710733771324158,,1,1,62
26,8,,30200.0,0.0,12.0,12.0,CHOU Tien Chen,2.0,發長球,,,,33.0,0.5198614498088766,-1.234120537676589,,33.0,0.2445608030480366,1.0153260400750015,,,,,22.0,-0.0093450509011745,0.8813182935118675,-0.6653221150348592,2.0270324397466344,18.0,-0.0857436656951904,0.708490788936615,-9.36686992644986e-05,1.153554081916809,2.1806285719704217,2.0,7.0,22.0,-0.1454606652259826,0.7929119020700455,,0.5292065007100512,-2.1154388311884564,,1,1,62
26,9,,30300.0,-1.0,12.0,13.0,Kento MOMOTA,2.0,挑球,,,,33.0,-0.2445608030480366,-1.0153260400750015,,1.0,-0.4280722737312317,-0.3033510446548462,出界,對手出界,CHOU Tien Chen,,18.0,-0.0857436656951904,0.708490788936615,0.2445608030480366,1.0153260400750015,22.0,-0.1454606652259826,0.7929119020700455,-0.6653221150348592,2.0270324397466344,1.7311173683781864,6.0,2.0,7.0,0.0,0.0,,-0.1588171373528462,-1.7238168290116165,,1,1,62
26,10,,,,,,CHOU Tien Chen,,接不到,,,,7.0,0.0,0.0,,23.0,0.0,1.0,,,,,7.0,0.0,0.0,0.0,0.0,7.0,0.0,0.0,0.0,0.0,0.0,,,7.0,0.0,0.0,,0.0,0.0,,1,1,62
27,1,,30400.0,0.0,13.0,13.0,CHOU Tien Chen,1.0,發短球,,,,32.0,-0.0523469031166906,-0.545048615331364,,12.0,0.5595638155937194,0.2469872236251831,出界,對手出界,Kento MOMOTA,,32.0,-0.0523469031166906,-0.545048615331364,0.0523469031166906,0.545048615331364,23.0,0.3893047442596007,0.7910829624717237,0.0,0.0,0.0,1.0,0.0,7.0,0.0,0.0,,0.0,0.0,,1,1,63
27,2,,,,,,Kento MOMOTA,,接不到,,,,7.0,0.0,0.0,,23.0,0.0,1.0,,,,,7.0,0.0,0.0,0.0,0.0,7.0,0.0,0.0,0.0,0.0,0.0,,,7.0,0.0,0.0,,0.0,0.0,,1,1,63
28,1,,30500.0,0.0,13.0,13.0,Kento MOMOTA,1.0,發短球,,,,32.0,-0.1150740975491784,-0.4754386924634926,,19.0,0.2437653541564941,0.6709164977073669,,,,,32.0,-0.1150740975491784,-0.4754386924634926,0.1234708422772666,1.5236625157724375,23.0,0.3832542293463739,0.7643199418288369,0.0,0.0,0.0,1.0,0.0,33.0,0.0083967447280883,1.048223823308945,,0.0,0.0,,1,1,64
28,2,,30600.0,1.0,14.0,13.0,CHOU Tien Chen,2.0,接不到,,,,7.0,0.0,0.0,,7.0,0.0,0.0,對手落地致勝,落地致勝,Kento MOMOTA,,23.0,0.3832542293463739,0.7643199418288369,0.0,0.0,33.0,0.0083967447280883,1.048223823308945,0.1234708422772666,1.5236625157724375,0.8550256006629975,11.0,1.0,7.0,0.0,0.0,,-0.3832542293463739,-0.7643199418288369,,1,1,64
28,3,,,,,,Kento MOMOTA,,接不到,,,,7.0,0.0,0.0,,23.0,0.0,1.0,,,,,7.0,0.0,0.0,0.0,0.0,7.0,0.0,0.0,0.0,0.0,0.0,,,7.0,0.0,0.0,,0.0,0.0,,1,1,64
29,1,,30700.0,1.0,14.0,13.0,Kento MOMOTA,1.0,發短球,,,,28.0,0.2183814193873117,-0.6669058671994971,,18.0,-0.2016870379447937,0.7203900218009949,,,,,28.0,0.2183814193873117,-0.6669058671994971,-0.2273312952189157,1.60920121733387,22.0,-0.0767722943154558,0.899755385777662,0.0,0.0,0.0,1.0,0.0,22.0,-0.008949875831604,0.9422953501343728,,0.0,0.0,,1,1,65
29,2,,30800.0,1.0,14.0,13.0,CHOU Tien Chen,2.0,長球,,,,28.0,0.2016870379447937,-0.7203900218009949,,33.0,0.3147650224100444,1.1648649859805362,,,,,22.0,-0.0767722943154558,0.899755385777662,-0.2843005806207656,1.7570712678134446,22.0,-0.008949875831604,0.9422953501343728,-0.2273312952189157,1.60920121733387,1.6439010740981457,3.0,1.0,33.0,-0.0826135426759719,1.0366812460124497,,0.2784593322602495,-1.620145407578657,,1,1,65
29,3,,30900.0,1.0,14.0,13.0,Kento MOMOTA,2.0,殺球,,,,33.0,-0.3147650224100444,-1.1648649859805362,,11.0,0.0047007799148559,0.2092763185501098,,,,,22.0,-0.008949875831604,0.9422953501343728,0.366498516214976,1.7729922521491306,33.0,-0.0826135426759719,1.0366812460124497,-0.2843005806207656,1.7570712678134446,2.129236385649252,4.0,3.0,19.0,0.0517334938049316,0.6081272661685944,,-0.3058151465784404,-2.107160336114909,,1,1,65
29,4,,31000.0,1.0,14.0,13.0,CHOU Tien Chen,2.0,切球,,,,2.0,-0.0047007799148559,-0.2092763185501098,,10.0,-0.1031700074672699,0.2804788947105407,,,,,33.0,-0.0826135426759719,1.0366812460124497,-0.0679998397827148,1.3425783514976504,19.0,0.0517334938049316,0.6081272661685944,0.366498516214976,1.7729922521491306,1.2483912252542209,5.0,4.0,33.0,-0.0727006196975707,1.1333020329475405,,0.077912762761116,-1.2459575645625596,,1,1,65
29,5,,31100.0,1.0,14.0,13.0,Kento MOMOTA,2.0,平球,,,,3.0,0.1031700074672699,-0.2804788947105407,,14.0,-0.1583333015441894,0.3205216526985168,,,,,19.0,0.0517334938049316,0.6081272661685944,-0.1779311597347259,1.0370876789093018,33.0,-0.0727006196975707,1.1333020329475405,-0.0679998397827148,1.3425783514976504,0.8900936041170565,7.0,5.0,18.0,-0.074761152267456,0.756608784198761,,0.0514365136623383,-0.8886061608791351,,1,1,65
29,6,,31200.0,1.0,14.0,13.0,CHOU Tien Chen,2.0,挑球,,,,3.0,0.1583333015441894,-0.3205216526985168,,15.0,0.0260689407587051,0.5165208578109742,,,,,33.0,-0.0727006196975707,1.1333020329475405,-0.2698041945695876,1.4689398109912872,18.0,-0.074761152267456,0.756608784198761,-0.1779311597347259,1.0370876789093018,1.4720665683690497,6.0,7.0,33.0,-0.1114708930253982,1.1484181582927704,,0.2310339212417601,-1.4538236856460574,,1,1,65
29,7,,31300.0,1.0,14.0,13.0,Kento MOMOTA,2.0,殺球,,,,32.0,-0.0260689407587051,-0.5165208578109742,,6.0,-0.2893054485321045,0.0172352790832519,,,,,18.0,-0.074761152267456,0.756608784198761,-0.0796106904745102,1.1309490501880646,33.0,-0.1114708930253982,1.1484181582927704,-0.2698041945695876,1.4689398109912872,1.2740604447299386,4.0,6.0,18.0,-0.1056796312332153,0.6144281923770905,,0.0486922115087509,-1.273129642009735,,1,1,65
29,8,,31400.0,1.0,14.0,13.0,CHOU Tien Chen,2.0,挑球,,,,7.0,0.2893054485321045,-0.0172352790832519,,33.0,0.3889058496126034,1.2009822351162234,,,,,33.0,-0.1114708930253982,1.1484181582927704,-0.5458913445472717,1.2295808792114258,18.0,-0.1056796312332153,0.6144281923770905,-0.0796106904745102,1.1309490501880646,1.232627117995849,6.0,4.0,33.0,-0.2565858960151672,1.2123456001281738,,0.4007763415575027,-1.1656534373760223,,1,1,65
29,9,,31500.0,0.0,14.0,14.0,Kento MOMOTA,1.0,發短球,,,,28.0,0.1056796312332153,-0.6144281923770905,,1.0,-0.4527761936187744,-0.3729696273803711,出界,對手出界,CHOU Tien Chen,,28.0,0.1056796312332153,-0.6144281923770905,-0.1056796312332153,0.6144281923770905,33.0,-0.2565858960151672,1.2123456001281738,0.0,0.0,0.0,1.0,0.0,7.0,0.0,0.0,,0.0,0.0,,1,1,65
29,10,,,,,,CHOU Tien Chen,,接不到,,,,7.0,0.0,0.0,,23.0,0.0,1.0,,,,,7.0,0.0,0.0,0.0,0.0,7.0,0.0,0.0,0.0,0.0,0.0,,,7.0,0.0,0.0,,0.0,0.0,,1,1,65
30,1,,31600.0,0.0,14.0,14.0,CHOU Tien Chen,1.0,發短球,,,,28.0,0.3842192941427391,-0.8410296870282189,,18.0,-0.0834022313356399,0.6359385251998901,,,,,28.0,0.3842192941427391,-0.8410296870282189,-0.4374414586544197,2.009599415760328,22.0,-0.3713958876773871,0.8346798266866796,0.0,0.0,0.0,1.0,0.0,33.0,-0.0532221645116806,1.168569728732109,,0.0,0.0,,1,1,66
30,2,,31700.0,0.0,14.0,14.0,Kento MOMOTA,2.0,平球,,,,28.0,0.0834022313356399,-0.6359385251998901,,18.0,-0.1796677708625793,0.5700794458389282,,,,,22.0,-0.3713958876773871,0.8346798266866796,-0.1802572757005691,1.3040626049041748,33.0,-0.0532221645116806,1.168569728732109,-0.4374414586544197,2.009599415760328,1.539337411344036,7.0,1.0,18.0,-0.0968550443649292,0.6681240797042847,,0.454798119013027,-1.4706183518865696,,1,1,66
30,3,,31800.0,0.0,14.0,14.0,CHOU Tien Chen,2.0,長球,,,,28.0,0.1796677708625793,-0.5700794458389282,,15.0,0.0381327904760837,0.5241953432559966,,,,,33.0,-0.0532221645116806,1.168569728732109,-0.2371601015329359,1.609428875148296,18.0,-0.0968550443649292,0.6681240797042847,-0.1802572757005691,1.3040626049041748,1.7541774922268203,3.0,7.0,33.0,-0.0574923306703567,1.039349429309368,,0.2328899353742599,-1.7386491745710373,,1,1,66
30,4,,31900.0,0.0,14.0,14.0,Kento MOMOTA,2.0,長球,,,,32.0,-0.0381327904760837,-0.5241953432559966,,14.0,-0.1267622709274292,0.3440965414047241,,,,,18.0,-0.0968550443649292,0.6681240797042847,-0.010996337980032,1.2695836126804352,33.0,-0.0574923306703567,1.039349429309368,-0.2371601015329359,1.609428875148296,1.1937645955003542,3.0,3.0,18.0,-0.0491291284561157,0.7453882694244385,,0.0587222538888455,-1.1923194229602814,,1,1,66
30,5,,32000.0,0.0,14.0,14.0,CHOU Tien Chen,2.0,長球,,,,3.0,0.1267622709274292,-0.3440965414047241,,23.0,0.0405114293098449,0.8694756031036377,,,,,33.0,-0.0574923306703567,1.039349429309368,-0.2661173194646835,1.5754099190235138,18.0,-0.0491291284561157,0.7453882694244385,-0.010996337980032,1.2695836126804352,1.3956620336224006,3.0,3.0,33.0,-0.1393550485372543,1.2313133776187897,,0.1842546015977859,-1.383445970714092,,1,1,66
30,6,,32100.0,0.0,14.0,14.0,Kento MOMOTA,2.0,殺球,,,,32.0,-0.0405114293098449,-0.8694756031036377,,10.0,-0.2113549709320068,0.1020658016204834,,,,,18.0,-0.0491291284561157,0.7453882694244385,-0.0330224633216858,1.4378191232681274,33.0,-0.1393550485372543,1.2313133776187897,-0.2661173194646835,1.5754099190235138,1.6148868664816587,4.0,3.0,18.0,-0.0735338926315307,0.5683435201644897,,0.0086176991462708,-1.6148638725280762,,1,1,66
30,7,,32200.0,0.0,14.0,14.0,CHOU Tien Chen,2.0,挑球,,,,7.0,0.2113549709320068,-0.1020658016204834,,15.0,0.0244652181863784,0.3263896703720093,,,,,33.0,-0.1393550485372543,1.2313133776187897,-0.4100309908390044,1.2919872552156448,18.0,-0.0735338926315307,0.5683435201644897,-0.0330224633216858,1.4378191232681274,1.3787304135997462,6.0,4.0,33.0,-0.1986760199069976,1.1899214535951614,,0.3507100194692611,-1.333379179239273,,1,1,66
30,8,,32300.0,-1.0,14.0,15.0,Kento MOMOTA,2.0,長球,,,,2.0,-0.0244652181863784,-0.3263896703720093,,5.0,-0.4327024221420288,-0.0336058139801025,出界,對手出界,CHOU Tien Chen,,18.0,-0.0735338926315307,0.5683435201644897,0.0244652181863784,0.3263896703720093,33.0,-0.1986760199069976,1.1899214535951614,-0.4100309908390044,1.2919872552156448,0.8960776847234995,3.0,6.0,7.0,0.0,0.0,,0.0490686744451523,-0.894733190536499,,1,1,66
30,9,,,,,,CHOU Tien Chen,,接不到,,,,7.0,0.0,0.0,,23.0,0.0,1.0,,,,,7.0,0.0,0.0,0.0,0.0,7.0,0.0,0.0,0.0,0.0,0.0,,,7.0,0.0,0.0,,0.0,0.0,,1,1,66
31,1,,32400.0,0.0,15.0,15.0,CHOU Tien Chen,1.0,發短球,,,,32.0,-0.0118689267725025,-0.5004723671702377,,11.0,0.3962384462356567,0.1580938100814819,出界,對手出界,Kento MOMOTA,,32.0,-0.0118689267725025,-0.5004723671702377,0.0118689267725025,0.5004723671702377,19.0,0.1945393078273371,0.7200341528776545,0.0,0.0,0.0,1.0,0.0,7.0,0.0,0.0,,0.0,0.0,,1,1,67
31,2,,,,,,Kento MOMOTA,,接不到,,,,7.0,0.0,0.0,,23.0,0.0,1.0,,,,,7.0,0.0,0.0,0.0,0.0,7.0,0.0,0.0,0.0,0.0,0.0,,,7.0,0.0,0.0,,0.0,0.0,,1,1,67
32,1,,32500.0,0.0,15.0,15.0,Kento MOMOTA,1.0,發短球,,,,32.0,-0.0961402540129748,-0.6499909174680324,,19.0,0.1145838499069213,0.672775149345398,,,,,32.0,-0.0961402540129748,-0.6499909174680324,0.1273686771315661,1.6525182140111534,23.0,0.2259959119581626,0.7758186201795466,0.0,0.0,0.0,1.0,0.0,33.0,0.0312284231185913,1.0025272965431211,,0.0,0.0,,1,1,68
32,2,,32600.0,1.0,16.0,15.0,CHOU Tien Chen,2.0,接不到,,,,7.0,0.0,0.0,,7.0,0.0,0.0,對手落地致勝,落地致勝,Kento MOMOTA,,23.0,0.2259959119581626,0.7758186201795466,0.0,0.0,33.0,0.0312284231185913,1.0025272965431211,0.1273686771315661,1.6525182140111534,0.8080647768830771,11.0,1.0,7.0,0.0,0.0,,-0.2259959119581626,-0.7758186201795466,,1,1,68
32,3,,,,,,Kento MOMOTA,,接不到,,,,7.0,0.0,0.0,,23.0,0.0,1.0,,,,,7.0,0.0,0.0,0.0,0.0,7.0,0.0,0.0,0.0,0.0,0.0,,,7.0,0.0,0.0,,0.0,0.0,,1,1,68
33,1,,32700.0,1.0,16.0,15.0,Kento MOMOTA,1.0,發短球,,,,28.0,0.1795170472857431,-0.9096343142264212,,18.0,-0.4104431867599487,0.6945794820785522,,,,,28.0,0.1795170472857431,-0.9096343142264212,-0.1395228074786142,1.841058909642013,18.0,-0.3353615063394725,0.7142674293576244,0.0,0.0,0.0,1.0,0.0,23.0,0.0399942398071289,0.9314245954155922,,0.0,0.0,,1,1,69
33,2,,32800.0,2.0,17.0,15.0,CHOU Tien Chen,2.0,接不到,,,,7.0,0.0,0.0,,7.0,0.0,0.0,對手落地致勝,落地致勝,Kento MOMOTA,,18.0,-0.3353615063394725,0.7142674293576244,0.0,0.0,23.0,0.0399942398071289,0.9314245954155922,-0.1395228074786142,1.841058909642013,0.7890787670286339,11.0,1.0,7.0,0.0,0.0,,0.3353615063394725,-0.7142674293576244,,1,1,69
33,3,,,,,,Kento MOMOTA,,接不到,,,,7.0,0.0,0.0,,23.0,0.0,1.0,,,,,7.0,0.0,0.0,0.0,0.0,7.0,0.0,0.0,0.0,0.0,0.0,,,7.0,0.0,0.0,,0.0,0.0,,1,1,69
34,1,,32900.0,2.0,17.0,15.0,Kento MOMOTA,2.0,發長球,,,,7.0,0.0,0.0,,33.0,0.6812637548190424,1.037501884287395,,,,,7.0,0.0,0.0,0.0796624422073364,1.0229413583874705,19.0,0.0898394284674149,0.7470736583561941,0.0898394284674149,0.7470736583561941,0.0,2.0,,33.0,0.0796624422073364,1.0229413583874705,,0.0,0.0,,1,1,70
34,2,,33000.0,2.0,17.0,15.0,CHOU Tien Chen,2.0,殺球,,,,33.0,-0.6812637548190424,-1.037501884287395,,18.0,-0.2856380641460418,0.6773849725723267,,,,,19.0,0.0898394284674149,0.7470736583561941,1.05055163309396,1.9847060270963093,33.0,0.0796624422073364,1.0229413583874705,0.0796624422073364,1.0229413583874705,1.9440447491444657,4.0,2.0,23.0,0.3692878782749176,0.9472041428089142,,-0.7711031832864573,-1.7845755426435892,,1,1,70
34,3,,33100.0,2.0,17.0,15.0,Kento MOMOTA,2.0,切球,,,,28.0,0.2856380641460418,-0.6773849725723267,,33.0,0.4225488432696179,1.0445747395446787,,,,,33.0,0.0796624422073364,1.0229413583874705,-0.4118312299251555,1.3127775490283966,23.0,0.3692878782749176,0.9472041428089142,1.05055163309396,1.9847060270963093,1.712756721950973,5.0,4.0,18.0,-0.1261931657791137,0.63539257645607,,0.2059756219387054,-1.7003263309597971,,1,1,70
34,4,,33200.0,2.0,17.0,15.0,CHOU Tien Chen,2.0,平球,,,,33.0,-0.4225488432696179,-1.0445747395446787,,14.0,-0.1106408014893531,0.3146694302558899,,,,,23.0,0.3692878782749176,0.9472041428089142,0.6033245899727657,1.903837116568376,18.0,-0.1261931657791137,0.63539257645607,-0.4118312299251555,1.3127775490283966,2.143405820132092,7.0,5.0,23.0,0.1807757467031479,0.859262377023697,,-0.7918367215445354,-1.991778882353593,,1,1,70
34,5,,33300.0,2.0,17.0,15.0,Kento MOMOTA,2.0,平球,,,,3.0,0.1106408014893531,-0.3146694302558899,,14.0,-0.049500823020935,0.3538051247596741,,,,,18.0,-0.1261931657791137,0.63539257645607,-0.2793497219681737,1.0700844675302503,23.0,0.1807757467031479,0.859262377023697,0.6033245899727657,1.903837116568376,0.9791364280066784,7.0,7.0,18.0,-0.1687089204788207,0.7554150372743607,,0.2368339672684667,-0.9500620067119598,,1,1,70
34,6,,33400.0,2.0,17.0,15.0,CHOU Tien Chen,2.0,挑球,,,,3.0,0.049500823020935,-0.3538051247596741,,14.0,-0.0162947364151477,0.4281124472618103,,,,,23.0,0.1807757467031479,0.859262377023697,-0.0792885273694991,1.465560033917427,18.0,-0.1687089204788207,0.7554150372743607,-0.2793497219681737,1.0700844675302503,1.2201499372907902,6.0,7.0,33.0,-0.0297877043485641,1.111754909157753,,-0.1312749236822128,-1.213067501783371,,1,1,70
34,7,,33500.0,2.0,17.0,15.0,Kento MOMOTA,2.0,網前球,,,,28.0,0.0162947364151477,-0.4281124472618103,,24.0,0.7050011761109828,0.97207013053065,,,,,18.0,-0.1687089204788207,0.7554150372743607,-0.1882400698959827,1.024027943611145,33.0,-0.0297877043485641,1.111754909157753,-0.0792885273694991,1.465560033917427,1.197899686833859,8.0,6.0,18.0,-0.171945333480835,0.5959154963493347,,0.1850036568939684,-1.183527484536171,,1,1,70
34,8,,33600.0,2.0,17.0,15.0,CHOU Tien Chen,2.0,挑球,,,,32.0,-0.7050011761109828,-0.97207013053065,,33.0,0.2985535053756055,1.1490354717284,,,,,33.0,-0.0297877043485641,1.111754909157753,1.0022375292699337,1.8708422659075803,18.0,-0.171945333480835,0.5959154963493347,-0.1882400698959827,1.024027943611145,2.1904885364872,6.0,8.0,23.0,0.2972363531589508,0.8987721353769303,,-0.6752134717624186,-2.083825039688403,,1,1,70
34,9,,33700.0,1.0,17.0,16.0,Kento MOMOTA,2.0,切球,,,,33.0,-0.2985535053756055,-1.1490354717284,,2.0,-0.0929152965545654,-0.3149737119674682,出界,對手出界,CHOU Tien Chen,,18.0,-0.171945333480835,0.5959154963493347,0.2985535053756055,1.1490354717284,23.0,0.2972363531589508,0.8987721353769303,1.0022375292699337,1.8708422659075803,1.7495380848058035,5.0,6.0,7.0,0.0,0.0,,-0.1266081718947705,-1.7449509680777346,,1,1,70
34,10,,,,,,CHOU Tien Chen,,接不到,,,,7.0,0.0,0.0,,23.0,0.0,1.0,,,,,7.0,0.0,0.0,0.0,0.0,7.0,0.0,0.0,0.0,0.0,0.0,,,7.0,0.0,0.0,,0.0,0.0,,1,1,70
35,1,,33800.0,2.0,18.0,16.0,CHOU Tien Chen,1.0,發短球,,,,28.0,0.3866078197446606,-0.6037703233610349,,19.0,0.2018525302410125,0.5915254354476929,出界,對手出界,Kento MOMOTA,,28.0,0.3866078197446606,-0.6037703233610349,-0.3866078197446606,0.6037703233610349,22.0,-0.0558217476502743,0.78018552411576,0.0,0.0,0.0,1.0,0.0,7.0,0.0,0.0,,0.0,0.0,,1,1,71
35,2,,,,,,Kento MOMOTA,,接不到,,,,7.0,0.0,0.0,,23.0,0.0,1.0,,,,,7.0,0.0,0.0,0.0,0.0,7.0,0.0,0.0,0.0,0.0,0.0,,,7.0,0.0,0.0,,0.0,0.0,,1,1,71
36,1,,33900.0,2.0,18.0,16.0,Kento MOMOTA,1.0,發短球,,,,28.0,0.3784076299240732,-0.6801108416333738,,18.0,-0.4073117971420288,0.7516101598739623,,,,,28.0,0.3784076299240732,-0.6801108416333738,-0.3979130115082406,1.634728125871712,18.0,-0.2514859791045785,0.7108981316377717,0.0,0.0,0.0,1.0,0.0,22.0,-0.0195053815841674,0.9546172842383384,,0.0,0.0,,1,1,72
36,2,,34000.0,3.0,19.0,16.0,CHOU Tien Chen,2.0,接不到,,,,7.0,0.0,0.0,,7.0,0.0,0.0,對手落地致勝,落地致勝,Kento MOMOTA,,18.0,-0.2514859791045785,0.7108981316377717,0.0,0.0,22.0,-0.0195053815841674,0.9546172842383384,-0.3979130115082406,1.634728125871712,0.7540698583369203,11.0,1.0,7.0,0.0,0.0,,0.2514859791045785,-0.7108981316377717,,1,1,72
36,3,,,,,,Kento MOMOTA,,接不到,,,,7.0,0.0,0.0,,23.0,0.0,1.0,,,,,7.0,0.0,0.0,0.0,0.0,7.0,0.0,0.0,0.0,0.0,0.0,,,7.0,0.0,0.0,,0.0,0.0,,1,1,72
37,1,,34100.0,3.0,19.0,16.0,Kento MOMOTA,1.0,發短球,,,,32.0,-0.1656435908605089,-0.7875499718607537,,14.0,-0.2268215737644618,0.4079431226669588,,,,,32.0,-0.1656435908605089,-0.7875499718607537,0.2028297366429796,1.7716394432605376,19.0,0.2217364665134972,0.7615472412867246,0.0,0.0,0.0,1.0,0.0,23.0,0.0371861457824707,0.984089471399784,,0.0,0.0,,1,1,73
37,2,,34200.0,3.0,19.0,16.0,CHOU Tien Chen,2.0,長球,,,,28.0,0.2268215737644618,-0.4079431226669588,,23.0,0.0624669231474399,0.8166775852441788,,,,,19.0,0.2217364665134972,0.7615472412867246,-0.2898197195831721,1.5421005269705097,23.0,0.0371861457824707,0.984089471399784,0.2028297366429796,1.7716394432605376,1.1695014192792894,3.0,1.0,33.0,-0.0629981458187103,1.1341574043035507,,0.0050851072509645,-1.169490363953683,,1,1,73
37,3,,34300.0,3.0,19.0,16.0,Kento MOMOTA,2.0,殺球,,,,32.0,-0.0624669231474399,-0.8166775852441788,,33.0,0.2142477319946246,1.245667801224613,,,,,23.0,0.0371861457824707,0.984089471399784,0.0332466997206211,1.4725952595472336,33.0,-0.0629981458187103,1.1341574043035507,-0.2898197195831721,1.5421005269705097,1.803522311046168,4.0,3.0,18.0,-0.0292202234268188,0.6559176743030548,,-0.0996530689299106,-1.8007670566439629,,1,1,73
37,4,,34400.0,3.0,19.0,16.0,CHOU Tien Chen,2.0,殺球,,,,33.0,-0.2142477319946246,-1.245667801224613,,23.0,0.1327923078033688,0.9331182108368686,,,,,33.0,-0.0629981458187103,1.1341574043035507,0.3570861206760363,2.0190223911637304,18.0,-0.0292202234268188,0.6559176743030548,0.0332466997206211,1.4725952595472336,2.384626689061739,4.0,4.0,23.0,0.1428383886814117,0.7733545899391173,,-0.1512495861759143,-2.379825205528164,,1,1,73
37,5,,34500.0,3.0,19.0,16.0,Kento MOMOTA,2.0,切球,,,,32.0,-0.1327923078033688,-0.9331182108368686,,6.0,-0.215326731366304,0.0336208086248428,,,,,18.0,-0.0292202234268188,0.6559176743030548,0.051735951373315,1.6125749812569432,23.0,0.1428383886814117,0.7733545899391173,0.3570861206760363,2.0190223911637304,1.5924076805028675,5.0,4.0,18.0,-0.0810563564300537,0.6794567704200745,,-0.10357208437655,-1.5890358851399236,,1,1,73
37,6,,34600.0,3.0,19.0,16.0,CHOU Tien Chen,2.0,切球,,,,7.0,0.215326731366304,-0.0336208086248428,,19.0,0.0686745047569274,0.5395626425743103,,,,,23.0,0.1428383886814117,0.7733545899391173,-0.4431608666602645,1.153576050304988,18.0,-0.0810563564300537,0.6794567704200745,0.051735951373315,1.6125749812569432,0.8102245699265511,5.0,5.0,33.0,-0.2278341352939605,1.1199552416801453,,0.0724883426848923,-0.8069753985639602,,1,1,73
37,7,,34700.0,3.0,19.0,16.0,Kento MOMOTA,2.0,平球,,,,32.0,-0.0686745047569274,-0.5395626425743103,,33.0,0.1076132493506073,1.2658730524718511,,,,,18.0,-0.0810563564300537,0.6794567704200745,-0.0578821301460267,1.169459342956543,33.0,-0.2278341352939605,1.1199552416801453,-0.4431608666602645,1.153576050304988,1.219082293985123,7.0,5.0,18.0,-0.1265566349029541,0.6298967003822327,,0.0123818516731263,-1.2190194129943848,,1,1,73
37,8,,34800.0,3.0,19.0,16.0,CHOU Tien Chen,2.0,發長球,,,,33.0,-0.1076132493506073,-1.2658730524718511,,19.0,0.0324316471815109,0.5337541699409485,,,,,33.0,-0.2278341352939605,1.1199552416801453,0.156092497188866,2.029668964737629,18.0,-0.1265566349029541,0.6298967003822327,-0.0578821301460267,1.169459342956543,2.388855313867549,2.0,7.0,23.0,0.0484792478382587,0.7637959122657777,,0.1202208859433531,-2.385828294151996,,1,1,73
37,9,,34900.0,2.0,19.0,17.0,Kento MOMOTA,1.0,發短球,,,,28.0,0.1265566349029541,-0.6298967003822327,,2.0,-0.2923125028610229,-0.2258495092391967,出界,對手出界,CHOU Tien Chen,,28.0,0.1265566349029541,-0.6298967003822327,-0.1265566349029541,0.6298967003822327,23.0,0.0484792478382587,0.7637959122657777,0.0,0.0,0.0,1.0,0.0,7.0,0.0,0.0,,0.0,0.0,,1,1,73
37,10,,,,,,CHOU Tien Chen,,接不到,,,,7.0,0.0,0.0,,23.0,0.0,1.0,,,,,7.0,0.0,0.0,0.0,0.0,7.0,0.0,0.0,0.0,0.0,0.0,,,7.0,0.0,0.0,,0.0,0.0,,1,1,73
38,1,,35000.0,3.0,20.0,17.0,CHOU Tien Chen,1.0,發短球,,,,32.0,-0.0791661532172572,-0.6042485633628115,,16.0,0.4255944490432739,0.4601163268089295,出界,對手出界,Kento MOMOTA,,32.0,-0.0791661532172572,-0.6042485633628115,0.0791661532172572,0.6042485633628115,19.0,0.2235170957108044,0.7165075230298376,0.0,0.0,0.0,1.0,0.0,7.0,0.0,0.0,,0.0,0.0,,1,1,74
38,2,,,,,,Kento MOMOTA,,接不到,,,,7.0,0.0,0.0,,23.0,0.0,1.0,,,,,7.0,0.0,0.0,0.0,0.0,7.0,0.0,0.0,0.0,0.0,0.0,,,7.0,0.0,0.0,,0.0,0.0,,1,1,74
39,1,,35100.0,3.0,20.0,17.0,Kento MOMOTA,2.0,發長球,,,,7.0,0.0,0.0,,18.0,-0.1339914798736572,0.7405014038085938,,,,,7.0,0.0,0.0,0.0079234838485717,1.010142669081688,22.0,-0.0282725921122042,0.8771125223009154,-0.0282725921122042,0.8771125223009154,0.0,2.0,,33.0,0.0079234838485717,1.010142669081688,,0.0,0.0,,1,1,75
39,2,,35200.0,3.0,20.0,17.0,CHOU Tien Chen,2.0,殺球,,,,28.0,0.1339914798736572,-0.7405014038085938,,16.0,0.6308188331316649,0.4823857462802012,,,,,22.0,-0.0282725921122042,0.8771125223009154,-0.2016594558954237,1.830644339323044,33.0,0.0079234838485717,1.010142669081688,0.0079234838485717,1.010142669081688,1.6257319714518914,4.0,2.0,33.0,-0.0676679760217666,1.09014293551445,,0.1622640719858614,-1.617613926109509,,1,1,75
39,3,,35300.0,3.0,20.0,17.0,Kento MOMOTA,2.0,平球,,,,32.0,-0.6308188331316649,-0.4823857462802012,,11.0,0.067254900932312,0.2074811458587646,,,,,33.0,0.0079234838485717,1.010142669081688,0.7691664588640866,1.2174809194007,33.0,-0.0676679760217666,1.09014293551445,-0.2016594558954237,1.830644339323044,1.6234632173732648,7.0,4.0,19.0,0.1383476257324218,0.7350951731204987,,-0.6387423169802365,-1.4925284153618892,,1,1,75
39,4,,35400.0,3.0,20.0,17.0,CHOU Tien Chen,2.0,挑球,,,,2.0,-0.067254900932312,-0.2074811458587646,,14.0,-0.0964032188057899,0.3800574541091918,,,,,33.0,-0.0676679760217666,1.09014293551445,0.0604037940502166,1.3719263523817062,19.0,0.1383476257324218,0.7350951731204987,0.7691664588640866,1.2174809194007,1.2976241471206942,6.0,7.0,33.0,-0.0068511068820953,1.1644452065229416,,0.0004130750894545,-1.2976240813732147,,1,1,75
39,5,,35500.0,3.0,20.0,17.0,Kento MOMOTA,2.0,網前球,,,,28.0,0.0964032188057899,-0.3800574541091918,,14.0,-0.0816963911056518,0.3282205462455749,,,,,19.0,0.1383476257324218,0.7350951731204987,-0.1875358596444129,1.080270767211914,33.0,-0.0068511068820953,1.1644452065229416,0.0604037940502166,1.3719263523817062,1.1159411791352212,8.0,6.0,18.0,-0.091132640838623,0.7002133131027222,,-0.0419444069266318,-1.1151526272296906,,1,1,75
39,6,,35600.0,3.0,20.0,17.0,CHOU Tien Chen,2.0,切球,,,,3.0,0.0816963911056518,-0.3282205462455749,,19.0,0.0380395576357841,0.6701410710811615,,,,,33.0,-0.0068511068820953,1.1644452065229416,-0.1838517636060714,1.4259727001190186,18.0,-0.091132640838623,0.7002133131027222,-0.1875358596444129,1.080270767211914,1.4952898410970004,5.0,8.0,33.0,-0.1021553725004196,1.0977521538734436,,0.0885474979877471,-1.4926657527685163,,1,1,75
39,7,,35700.0,3.0,20.0,17.0,Kento MOMOTA,2.0,平球,,,,32.0,-0.0380395576357841,-0.6701410710811615,,6.0,-0.2728997468948364,0.0447463989257812,,,,,18.0,-0.091132640838623,0.7002133131027222,-0.1162196472287178,1.2571745216846466,33.0,-0.1021553725004196,1.0977521538734436,-0.1838517636060714,1.4259727001190186,1.3713825191156457,7.0,5.0,18.0,-0.1542592048645019,0.5870334506034852,,0.0530930832028389,-1.3703543841838837,,1,1,75
39,8,,35800.0,3.0,20.0,17.0,CHOU Tien Chen,2.0,長球,,,,7.0,0.2728997468948364,-0.0447463989257812,,15.0,0.0631999894976615,0.4915900230407715,,,,,33.0,-0.1021553725004196,1.0977521538734436,-0.4685755968093871,1.2724798917770384,18.0,-0.1542592048645019,0.5870334506034852,-0.1162196472287178,1.2571745216846466,1.20248463014415,3.0,7.0,33.0,-0.1956758499145507,1.227733492851257,,0.375055119395256,-1.1424985527992249,,1,1,75
39,9,,35900.0,2.0,20.0,18.0,Kento MOMOTA,2.0,切球,,,,32.0,-0.0631999894976615,-0.4915900230407715,,1.0,-0.4556508064270019,-0.1672310829162597,出界,對手出界,CHOU Tien Chen,,18.0,-0.1542592048645019,0.5870334506034852,0.0631999894976615,0.4915900230407715,33.0,-0.1956758499145507,1.227733492851257,-0.4685755968093871,1.2724798917770384,1.0824603358089508,5.0,3.0,7.0,0.0,0.0,,0.0910592153668404,-1.0786234736442566,,1,1,75
39,10,,,,,,CHOU Tien Chen,,接不到,,,,7.0,0.0,0.0,,23.0,0.0,1.0,,,,,7.0,0.0,0.0,0.0,0.0,7.0,0.0,0.0,0.0,0.0,0.0,,,7.0,0.0,0.0,,0.0,0.0,,1,1,75
40,1,,36000.0,3.0,21.0,18.0,CHOU Tien Chen,1.0,發短球,,,,28.0,0.1133056345945179,-0.5363775218287394,,11.0,0.0394698195159435,0.2599899768829345,出界,對手出界,Kento MOMOTA,,28.0,0.1133056345945179,-0.5363775218287394,-0.1133056345945179,0.5363775218287394,18.0,-0.2103543484955075,0.7119209037638591,0.0,0.0,0.0,1.0,0.0,7.0,0.0,0.0,,0.0,0.0,,1,1,76
40,2,,,,,,Kento MOMOTA,,接不到,,,,7.0,0.0,0.0,,23.0,0.0,1.0,,,,,7.0,0.0,0.0,0.0,0.0,7.0,0.0,0.0,0.0,0.0,0.0,,,7.0,0.0,0.0,,0.0,0.0,,1,1,76
2,1,,36100.0,0.0,0.0,0.0,CHOU Tien Chen,1.0,發短球,,,,28.0,0.2852244307932703,-0.906078027179466,,18.0,-0.1536593586206436,0.7583075761795043,,,CHOU Tien Chen,,28.0,0.2852244307932703,-0.906078027179466,-0.275424190395817,2.12656340151094,22.0,-0.3436438213803829,0.8549845680359204,0.0,0.0,0.0,1.0,0.0,33.0,0.0098002403974533,1.2204853743314743,,0.0,0.0,,1,1,77
2,2,,36200.0,0.0,0.0,0.0,Kento MOMOTA,2.0,長球,,,,28.0,0.1536593586206436,-0.7583075761795043,,18.0,-0.1515781581401825,0.6466470956802368,,,Kento MOMOTA,,22.0,-0.3436438213803829,0.8549845680359204,-0.2355907708406447,1.5344449877738953,33.0,0.0098002403974533,1.2204853743314743,-0.275424190395817,2.12656340151094,1.688200816083897,3.0,1.0,22.0,-0.0819314122200012,0.7761374115943909,,0.4973031800010264,-1.6132921442154249,,1,1,77
2,3,,36300.0,0.0,0.0,0.0,CHOU Tien Chen,2.0,挑球,,,,28.0,0.1515781581401825,-0.6466470956802368,,23.0,0.1314494311809539,0.908347226679325,,,,,33.0,0.0098002403974533,1.2204853743314743,-0.2296905145049095,1.863581180572509,22.0,-0.0819314122200012,0.7761374115943909,-0.2355907708406447,1.5344449877738953,1.8725075803668985,6.0,3.0,33.0,-0.078112356364727,1.216934084892273,,0.1417779177427292,-1.8671324700117111,,1,1,77
2,4,,36400.0,0.0,0.0,0.0,Kento MOMOTA,2.0,殺球,,,,32.0,-0.1314494311809539,-0.908347226679325,,10.0,-0.3129394650459289,0.096553087234497,,,,,22.0,-0.0819314122200012,0.7761374115943909,0.1291758120059967,1.5980855599045751,33.0,-0.078112356364727,1.216934084892273,-0.2296905145049095,1.863581180572509,1.6852123102986012,4.0,6.0,18.0,-0.0022736191749572,0.6897383332252502,,-0.0495180189609526,-1.684484638273716,,1,1,77
2,5,,36500.0,0.0,0.0,0.0,CHOU Tien Chen,2.0,挑球,,,,7.0,0.3129394650459289,-0.096553087234497,,33.0,0.2629855081986273,1.1648382559908792,,,,,33.0,-0.078112356364727,1.216934084892273,-0.4804283827543257,1.3325602859258652,18.0,-0.0022736191749572,0.6897383332252502,0.1291758120059967,1.5980855599045751,1.3704634538615652,6.0,4.0,33.0,-0.1674889177083968,1.236007198691368,,0.3910518214106559,-1.31348717212677,,1,1,77
2,6,,36600.0,-1.0,0.0,1.0,Kento MOMOTA,1.0,發短球,,,,28.0,0.0022736191749572,-0.6897383332252502,,1.0,-0.5755628347396851,-0.2559254169464111,出界,對手出界,CHOU Tien Chen,,28.0,0.0022736191749572,-0.6897383332252502,-0.0022736191749572,0.6897383332252502,33.0,-0.1674889177083968,1.236007198691368,0.0,0.0,0.0,1.0,0.0,7.0,0.0,0.0,,0.0,0.0,,1,1,77
2,7,,,,,,CHOU Tien Chen,,接不到,,,,7.0,0.0,0.0,,23.0,0.0,1.0,,,,,7.0,0.0,0.0,0.0,0.0,7.0,0.0,0.0,0.0,0.0,0.0,,,7.0,0.0,0.0,,0.0,0.0,,1,1,77
3,1,,36700.0,-1.0,0.0,1.0,CHOU Tien Chen,1.0,發短球,,,,32.0,-0.1046781142073775,-0.6505644313327854,,23.0,0.2070709764957428,0.7820892333984375,,,,,32.0,-0.1046781142073775,-0.6505644313327854,0.1356827218848372,1.82571417012139,23.0,0.2115856705352549,0.7991637056820378,0.0,0.0,0.0,1.0,0.0,33.0,0.0310046076774597,1.1751497387886047,,0.0,0.0,,1,1,78
3,2,,36800.0,-1.0,0.0,1.0,Kento MOMOTA,2.0,長球,,,,32.0,-0.2070709764957428,-0.7820892333984375,,33.0,0.7098992447369742,1.0672488113556564,,,,,23.0,0.2115856705352549,0.7991637056820378,0.2360762953758239,1.655545175075531,33.0,0.0310046076774597,1.1751497387886047,0.1356827218848372,1.82571417012139,1.635736606380709,3.0,1.0,23.0,0.0290053188800811,0.8734559416770935,,-0.4186566470309977,-1.5812529390804753,,1,1,78
3,3,,36900.0,-1.0,0.0,1.0,CHOU Tien Chen,2.0,殺球,,,,33.0,-0.7098992447369742,-1.0672488113556564,,18.0,-0.1361785233020782,0.7525365948677063,,,,,33.0,0.0310046076774597,1.1751497387886047,1.1329954843037773,2.039855254224366,23.0,0.0290053188800811,0.8734559416770935,0.2360762953758239,1.655545175075531,2.3616286279200707,4.0,3.0,24.0,0.423096239566803,0.9726064428687096,,-0.7409038524144339,-2.2423985501442614,,1,1,78
3,4,,37000.0,-1.0,0.0,1.0,Kento MOMOTA,2.0,切球,,,,28.0,0.1361785233020782,-0.7525365948677063,,15.0,0.0524738132953643,0.3070676326751709,,,,,23.0,0.0290053188800811,0.8734559416770935,-0.2455836534500121,1.5614923536777496,24.0,0.423096239566803,0.9726064428687096,1.1329954843037773,2.039855254224366,1.6295207346472984,5.0,4.0,22.0,-0.1094051301479339,0.8089557588100433,,0.1071732044219971,-1.6259925365447998,,1,1,78
3,5,,37100.0,-1.0,0.0,1.0,CHOU Tien Chen,2.0,切球,,,,2.0,-0.0524738132953643,-0.3070676326751709,,14.0,-0.0062306523323059,0.3396940231323242,,,,,24.0,0.423096239566803,0.9726064428687096,0.0475424136966467,1.411844551563263,22.0,-0.1094051301479339,0.8089557588100433,-0.2455836534500121,1.5614923536777496,1.3651859268240387,5.0,5.0,33.0,-0.0049313995987176,1.104776918888092,,-0.4755700528621672,-1.2796740755438805,,1,1,78
3,6,,37200.0,-1.0,0.0,1.0,Kento MOMOTA,2.0,挑球,,,,3.0,0.0062306523323059,-0.3396940231323242,,18.0,-0.3223940863228096,0.6714357672676573,,,,,22.0,-0.1094051301479339,0.8089557588100433,-0.0402932167053222,1.1353417038917542,33.0,-0.0049313995987176,1.104776918888092,0.0475424136966467,1.411844551563263,1.154455696744603,6.0,5.0,22.0,-0.0340625643730163,0.79564768075943,,0.1156357824802398,-1.1486497819423676,,1,1,78
3,7,,37300.0,-1.0,0.0,1.0,CHOU Tien Chen,2.0,殺球,,,,28.0,0.3223940863228096,-0.6714357672676573,,23.0,0.0949610918760299,0.9770277440547944,,,,,33.0,-0.0049313995987176,1.104776918888092,-0.4246966226911796,1.8465669690117368,22.0,-0.0340625643730163,0.79564768075943,-0.0402932167053222,1.1353417038917542,1.8061211144866187,4.0,6.0,33.0,-0.10230253636837,1.1751312017440796,,0.3273254859215271,-1.7762126861557492,,1,1,78
3,8,,37400.0,-2.0,0.0,2.0,Kento MOMOTA,1.0,發短球,,,,28.0,0.0340625643730163,-0.79564768075943,,32.0,-0.5395311117172241,-0.4427242279052734,出界,對手出界,CHOU Tien Chen,,28.0,0.0340625643730163,-0.79564768075943,-0.0340625643730163,0.79564768075943,33.0,-0.10230253636837,1.1751312017440796,0.0,0.0,0.0,1.0,0.0,7.0,0.0,0.0,,0.0,0.0,,1,1,78
3,9,,,,,,CHOU Tien Chen,,接不到,,,,7.0,0.0,0.0,,23.0,0.0,1.0,,,,,7.0,0.0,0.0,0.0,0.0,7.0,0.0,0.0,0.0,0.0,0.0,,,7.0,0.0,0.0,,0.0,0.0,,1,1,78
4,1,,37500.0,-2.0,0.0,2.0,CHOU Tien Chen,1.0,發短球,,,,28.0,0.1921635802935978,-0.9168574228554776,,18.0,-0.1710879206657409,0.6112133264541626,,,,,28.0,0.1921635802935978,-0.9168574228554776,-0.15408104025835,2.126431049373727,18.0,-0.335582418917638,0.5646591664159188,0.0,0.0,0.0,1.0,0.0,33.0,0.0380825400352478,1.2095736265182495,,0.0,0.0,,1,1,79
4,2,,37600.0,-2.0,0.0,2.0,Kento MOMOTA,2.0,平球,,,,28.0,0.1710879206657409,-0.6112133264541626,,18.0,-0.1461387127637863,0.6321703195571899,,,,,18.0,-0.335582418917638,0.5646591664159188,-0.2923441231250762,1.437105417251587,33.0,0.0380825400352478,1.2095736265182495,-0.15408104025835,2.126431049373727,1.280387032307824,7.0,1.0,22.0,-0.1212562024593353,0.8258920907974243,,0.5066703395833789,-1.1758724928700814,,1,1,79
4,3,,37700.0,-2.0,0.0,2.0,CHOU Tien Chen,2.0,切球,,,,28.0,0.1461387127637863,-0.6321703195571899,,33.0,0.3102680906835975,1.371992243623808,,,,,33.0,0.0380825400352478,1.2095736265182495,-0.2071022689342498,1.7257461026310918,22.0,-0.1212562024593353,0.8258920907974243,-0.2923441231250762,1.437105417251587,1.8449110816975085,5.0,7.0,33.0,-0.0609635561704635,1.093575783073902,,0.1080561727285384,-1.84174394607544,,1,1,79
4,4,,37800.0,-2.0,0.0,2.0,Kento MOMOTA,2.0,推撲球,,,,33.0,-0.3102680906835975,-1.371992243623808,,10.0,-0.2378215789794922,0.1584669351577758,,,,,22.0,-0.1212562024593353,0.8258920907974243,0.3095255658213081,2.0577384961605816,33.0,-0.0609635561704635,1.093575783073902,-0.2071022689342498,1.7257461026310918,2.2059966095586736,9.0,5.0,18.0,-0.0007425248622894,0.6857462525367737,,-0.1890118882242622,-2.197884334421232,,1,1,79
4,5,,37900.0,-2.0,0.0,2.0,CHOU Tien Chen,2.0,網前球,,,,3.0,0.2378215789794922,-0.1584669351577758,,23.0,0.0812961161136627,0.9423123747110368,,,,,33.0,-0.0609635561704635,1.093575783073902,-0.3595737218856811,1.4556841254234314,18.0,-0.0007425248622894,0.6857462525367737,0.3095255658213081,2.0577384961605816,1.287199877743758,8.0,9.0,33.0,-0.1217521429061889,1.2972171902656555,,0.2987851351499557,-1.2520427182316778,,1,1,79
4,6,,38000.0,-3.0,0.0,3.0,Kento MOMOTA,1.0,接殺防守,,,,28.0,0.0007425248622894,-0.6857462525367737,,6.0,-0.4036668539047241,-0.0130207538604736,出界,對手出界,CHOU Tien Chen,,28.0,0.0007425248622894,-0.6857462525367737,-0.0007425248622894,0.6857462525367737,33.0,-0.1217521429061889,1.2972171902656555,0.0,0.0,0.0,10.0,0.0,7.0,0.0,0.0,,0.0,0.0,,1,1,79
4,7,,,,,,CHOU Tien Chen,,接不到,,,,7.0,0.0,0.0,,23.0,0.0,1.0,,,,,7.0,0.0,0.0,0.0,0.0,7.0,0.0,0.0,0.0,0.0,0.0,,,7.0,0.0,0.0,,0.0,0.0,,1,1,79
5,1,,38100.0,-3.0,0.0,3.0,CHOU Tien Chen,1.0,發短球,,,,32.0,-0.17021323661674,-0.6194123721271473,,19.0,0.2490552067756652,0.6745660305023193,,,,,32.0,-0.17021323661674,-0.6194123721271473,0.1889843783842418,1.7850069797187764,23.0,0.2694776247189758,0.8193201743551264,0.0,0.0,0.0,1.0,0.0,33.0,0.0187711417675018,1.165594607591629,,0.0,0.0,,1,1,80
5,2,,38200.0,-3.0,0.0,3.0,Kento MOMOTA,2.0,平球,,,,32.0,-0.2490552067756652,-0.6745660305023193,,15.0,0.029081106185913,0.3426939249038696,,,,,23.0,0.2694776247189758,0.8193201743551264,0.2805423885583876,1.594717115163803,33.0,0.0187711417675018,1.165594607591629,0.1889843783842418,1.7850069797187764,1.5813197938434944,7.0,1.0,23.0,0.0314871817827224,0.9201510846614838,,-0.518532831494641,-1.4938862048574455,,1,1,80
5,3,,38300.0,-3.0,0.0,3.0,CHOU Tien Chen,2.0,切球,,,,2.0,-0.029081106185913,-0.3426939249038696,,20.0,0.593209275791584,0.6405465593651779,,,,,33.0,0.0187711417675018,1.165594607591629,0.0023174285888671,1.514944314956665,23.0,0.0314871817827224,0.9201510846614838,0.2805423885583876,1.594717115163803,1.5090474263228508,5.0,7.0,33.0,-0.0267636775970459,1.1722503900527954,,-0.0478522479534148,-1.5082885324954989,,1,1,80
5,4,,38400.0,-3.0,0.0,3.0,Kento MOMOTA,2.0,平球,,,,32.0,-0.593209275791584,-0.6405465593651779,,19.0,0.0451536500589445,0.5569532744341394,,,,,23.0,0.0314871817827224,0.9201510846614838,0.6184260340427741,1.4890036275700578,33.0,-0.0267636775970459,1.1722503900527954,0.0023174285888671,1.514944314956665,1.681077868564172,7.0,5.0,23.0,0.0252167582511901,0.8484570682048799,,-0.6246964575743064,-1.5606976440266616,,1,1,80
5,5,,38500.0,-3.0,0.0,3.0,CHOU Tien Chen,2.0,長球,,,,32.0,-0.0451536500589445,-0.5569532744341394,,22.0,-0.1123712733387947,0.7923123836517333,,,,,33.0,-0.0267636775970459,1.1722503900527954,0.0664427900449827,1.6395333267503285,23.0,0.0252167582511901,0.8484570682048799,0.6184260340427741,1.4890036275700578,1.7293014498236543,3.0,7.0,33.0,0.0212891399860382,1.0825800523161888,,-0.0183899724618986,-1.7292036644869349,,1,1,80
5,6,,38600.0,-3.0,0.0,3.0,Kento MOMOTA,2.0,發長球,,,,28.0,0.1123712733387947,-0.7923123836517333,,6.0,-0.2693156599998474,0.0007227659225463,,,,,23.0,0.0252167582511901,0.8484570682048799,-0.2146701887249946,1.5738725066184998,33.0,0.0212891399860382,1.0825800523161888,0.0664427900449827,1.6395333267503285,1.6430825614210645,2.0,3.0,22.0,-0.1022989153861999,0.7815601229667665,,0.0871545150876045,-1.6407694518566132,,1,1,80
5,7,,38700.0,-3.0,0.0,3.0,CHOU Tien Chen,2.0,平球,,,,7.0,0.2693156599998474,-0.0007227659225463,,23.0,0.1492160856723785,0.9810961410403252,,,,,33.0,0.0212891399860382,1.0825800523161888,-0.4758846461772918,1.348913550376892,22.0,-0.1022989153861999,0.7815601229667665,-0.2146701887249946,1.5738725066184998,1.1113335010851362,7.0,2.0,33.0,-0.2065689861774444,1.3481907844543457,,0.2480265200138092,-1.0833028182387352,,1,1,80
5,8,,38800.0,-4.0,0.0,4.0,Kento MOMOTA,1.0,發短球,,,,28.0,0.1022989153861999,-0.7815601229667665,,1.0,-0.5448591113090515,-0.3416823148727417,出界,對手出界,CHOU Tien Chen,,28.0,0.1022989153861999,-0.7815601229667665,-0.1022989153861999,0.7815601229667665,33.0,-0.2065689861774444,1.3481907844543457,0.0,0.0,0.0,1.0,0.0,7.0,0.0,0.0,,0.0,0.0,,1,1,80
5,9,,,,,,CHOU Tien Chen,,接不到,,,,7.0,0.0,0.0,,23.0,0.0,1.0,,,,,7.0,0.0,0.0,0.0,0.0,7.0,0.0,0.0,0.0,0.0,0.0,,,7.0,0.0,0.0,,0.0,0.0,,1,1,80
6,1,,38900.0,-3.0,1.0,4.0,CHOU Tien Chen,1.0,發短球,,,,28.0,0.3159732129029723,-0.6464719706341545,,18.0,-0.1874092817306518,0.546037882566452,出界,對手出界,Kento MOMOTA,,28.0,0.3159732129029723,-0.6464719706341545,-0.3159732129029723,0.6464719706341545,18.0,-0.3584626616200022,0.7484954068163814,0.0,0.0,0.0,1.0,0.0,7.0,0.0,0.0,,0.0,0.0,,1,1,81
6,2,,,,,,Kento MOMOTA,,接不到,,,,7.0,0.0,0.0,,23.0,0.0,1.0,,,,,7.0,0.0,0.0,0.0,0.0,7.0,0.0,0.0,0.0,0.0,0.0,,,7.0,0.0,0.0,,0.0,0.0,,1,1,81
7,1,,39000.0,-3.0,1.0,4.0,Kento MOMOTA,1.0,發短球,,,,32.0,-0.2224724000830811,-0.6804951819167809,,19.0,0.152646392583847,0.7344429194927216,,,,,32.0,-0.2224724000830811,-0.6804951819167809,0.2645325070758026,1.7091097327457143,23.0,0.1852957380771352,0.8773445154796472,0.0,0.0,0.0,1.0,0.0,33.0,0.0420601069927215,1.0286145508289335,,0.0,0.0,,1,1,82
7,2,,39100.0,-2.0,2.0,4.0,CHOU Tien Chen,2.0,接不到,,,,7.0,0.0,0.0,,7.0,0.0,0.0,對手落地致勝,落地致勝,Kento MOMOTA,,23.0,0.1852957380771352,0.8773445154796472,0.0,0.0,33.0,0.0420601069927215,1.0286145508289335,0.2645325070758026,1.7091097327457143,0.8966983380110433,11.0,1.0,7.0,0.0,0.0,,-0.1852957380771352,-0.8773445154796472,,1,1,82
7,3,,,,,,Kento MOMOTA,,接不到,,,,7.0,0.0,0.0,,23.0,0.0,1.0,,,,,7.0,0.0,0.0,0.0,0.0,7.0,0.0,0.0,0.0,0.0,0.0,,,7.0,0.0,0.0,,0.0,0.0,,1,1,82
8,1,,39200.0,-2.0,2.0,4.0,Kento MOMOTA,1.0,發短球,,,,28.0,0.0054583559129241,-0.6663465901988178,,22.0,-0.0995759069919586,0.766529157757759,,,,,28.0,0.0054583559129241,-0.6663465901988178,0.0050833513643738,1.6676098137872843,22.0,-0.1099747440147724,0.9103827757938338,0.0,0.0,0.0,1.0,0.0,33.0,0.0105417072772979,1.0012632235884666,,0.0,0.0,,1,1,83
8,2,,39300.0,-1.0,3.0,4.0,CHOU Tien Chen,2.0,接不到,,,,7.0,0.0,0.0,,7.0,0.0,0.0,對手落地致勝,落地致勝,Kento MOMOTA,,22.0,-0.1099747440147724,0.9103827757938338,0.0,0.0,33.0,0.0105417072772979,1.0012632235884666,0.0050833513643738,1.6676098137872843,0.917001222890788,11.0,1.0,7.0,0.0,0.0,,0.1099747440147724,-0.9103827757938338,,1,1,83
8,3,,,,,,Kento MOMOTA,,接不到,,,,7.0,0.0,0.0,,23.0,0.0,1.0,,,,,7.0,0.0,0.0,0.0,0.0,7.0,0.0,0.0,0.0,0.0,0.0,,,7.0,0.0,0.0,,0.0,0.0,,1,1,83
9,1,,39400.0,-1.0,3.0,4.0,Kento MOMOTA,1.0,發短球,,,,32.0,-0.3454323369857758,-0.689028538061315,,19.0,0.1822956800460815,0.6759830713272095,,,,,32.0,-0.3454323369857758,-0.689028538061315,0.4403767842647522,1.7489508308898751,23.0,0.2022106388811735,0.854659683092976,0.0,0.0,0.0,1.0,0.0,33.0,0.0949444472789764,1.05992229282856,,0.0,0.0,,1,1,84
9,2,,39500.0,-1.0,3.0,4.0,CHOU Tien Chen,2.0,切球,,,,32.0,-0.1822956800460815,-0.6759830713272095,,14.0,-0.1186029538512229,0.3126816749572754,,,,,23.0,0.2022106388811735,0.854659683092976,0.2568458691239356,1.723142758011818,33.0,0.0949444472789764,1.05992229282856,0.4403767842647522,1.7489508308898751,1.5781990847019272,5.0,1.0,33.0,0.0745501890778541,1.0471596866846085,,-0.3845063189272549,-1.5306427544201855,,1,1,84
9,3,,39600.0,-1.0,3.0,4.0,Kento MOMOTA,2.0,平球,,,,3.0,0.1186029538512229,-0.3126816749572754,,33.0,0.1008471865844309,1.2896527939965965,,,,,33.0,0.0949444472789764,1.05992229282856,-0.1185513660311698,1.1540816575288773,33.0,0.0745501890778541,1.0471596866846085,0.2568458691239356,1.723142758011818,1.3728078442792524,7.0,5.0,23.0,5.158782005310028e-05,0.8413999825716019,,0.0236585065722464,-1.3726039677858357,,1,1,84
9,4,,39700.0,-1.0,3.0,4.0,CHOU Tien Chen,2.0,切球,,,,33.0,-0.1008471865844309,-1.2896527939965965,,19.0,0.013055220246315,0.6221468150615692,,,,,33.0,0.0745501890778541,1.0471596866846085,0.1908683423590242,2.0697626912524942,23.0,5.158782005310028e-05,0.8413999825716019,-0.1185513660311698,1.1540816575288773,2.343385757671294,5.0,7.0,23.0,0.0900211557745933,0.7801098972558975,,-0.175397375662285,-2.336812480681205,,1,1,84
9,5,,39800.0,-1.0,3.0,4.0,Kento MOMOTA,2.0,切球,,,,32.0,-0.013055220246315,-0.6221468150615692,,10.0,-0.1979551315307617,0.261821448802948,,,,,23.0,5.158782005310028e-05,0.8413999825716019,-0.0501884073019027,1.4835439622402191,23.0,0.0900211557745933,0.7801098972558975,0.1908683423590242,2.0697626912524942,1.4636054855322176,5.0,5.0,22.0,-0.0632436275482177,0.86139714717865,,-0.0131068080663681,-1.463546797633171,,1,1,84
9,6,,39900.0,-1.0,3.0,4.0,CHOU Tien Chen,2.0,切球,,,,3.0,0.1979551315307617,-0.261821448802948,,19.0,0.1323155909776687,0.5280368328094482,,,,,23.0,0.0900211557745933,0.7801098972558975,-0.357338547706604,1.3434943556785583,22.0,-0.0632436275482177,0.86139714717865,-0.0501884073019027,1.4835439622402191,1.0475068844750046,5.0,5.0,33.0,-0.1593834161758423,1.0816729068756104,,0.1079339757561684,-1.0419313460588455,,1,1,84
9,7,,40000.0,-1.0,3.0,4.0,Kento MOMOTA,2.0,平球,,,,32.0,-0.1323155909776687,-0.5280368328094482,,5.0,-0.5210016965866089,0.0271036624908447,,,,,22.0,-0.0632436275482177,0.86139714717865,0.0826119929552078,1.3434092104434967,33.0,-0.1593834161758423,1.0816729068756104,-0.357338547706604,1.3434943556785583,1.3911497837679327,7.0,5.0,22.0,-0.0497035980224609,0.8153723776340485,,-0.069071963429451,-1.389433979988098,,1,1,84
9,8,,40100.0,-1.0,3.0,4.0,CHOU Tien Chen,2.0,網前球,,,,8.0,0.5210016965866089,-0.0271036624908447,,19.0,0.2265370339155197,0.6638180315494537,,,,,33.0,-0.1593834161758423,1.0816729068756104,-0.820661723613739,1.2902007699012756,22.0,-0.0497035980224609,0.8153723776340485,0.0826119929552078,1.3434092104434967,1.3008879207851916,8.0,7.0,33.0,-0.2996600270271301,1.263097107410431,,0.6803851127624512,-1.108776569366455,,1,1,84
9,9,,40200.0,-2.0,3.0,5.0,Kento MOMOTA,2.0,發長球,,,,32.0,-0.2265370339155197,-0.6638180315494537,,31.0,-0.7547528743743896,-0.3289897441864013,出界,對手出界,CHOU Tien Chen,,22.0,-0.0497035980224609,0.8153723776340485,0.2265370339155197,0.6638180315494537,33.0,-0.2996600270271301,1.263097107410431,-0.820661723613739,1.2902007699012756,1.4897229039892623,2.0,8.0,7.0,0.0,0.0,,-0.1768334358930587,-1.4791904091835022,,1,1,84
9,10,,,,,,CHOU Tien Chen,,接不到,,,,7.0,0.0,0.0,,23.0,0.0,1.0,,,,,7.0,0.0,0.0,0.0,0.0,7.0,0.0,0.0,0.0,0.0,0.0,,,7.0,0.0,0.0,,0.0,0.0,,1,1,84
10,1,,40300.0,-2.0,3.0,5.0,CHOU Tien Chen,1.0,發短球,,,,32.0,-0.3632308445416269,-0.660682426919858,,19.0,0.1352230310440063,0.7022258043289185,,,,,32.0,-0.3632308445416269,-0.660682426919858,0.3905908070050058,1.8463740965031787,23.0,0.1768971905107013,0.777836501510052,0.0,0.0,0.0,1.0,0.0,33.0,0.0273599624633789,1.1856916695833206,,0.0,0.0,,1,1,85
10,2,,40400.0,-2.0,3.0,5.0,Kento MOMOTA,2.0,平球,,,,32.0,-0.1352230310440063,-0.7022258043289185,,19.0,0.0703951716423034,0.5329245030879974,,,,,23.0,0.1768971905107013,0.777836501510052,0.2029445767402647,1.570110708475113,33.0,0.0273599624633789,1.1856916695833206,0.3905908070050058,1.8463740965031787,1.5126147764281326,7.0,1.0,23.0,0.0677215456962585,0.8678849041461945,,-0.3121202215547076,-1.4800623058389704,,1,1,85
10,3,,40500.0,-2.0,3.0,5.0,CHOU Tien Chen,2.0,長球,,,,32.0,-0.0703951716423034,-0.5329245030879974,,18.0,-0.1131597831845283,0.6819586157798767,,,,,33.0,0.0273599624633789,1.1856916695833206,0.1018285155296325,1.611930139362812,23.0,0.0677215456962585,0.8678849041461945,0.2029445767402647,1.570110708475113,1.7213940906170877,3.0,7.0,33.0,0.0314333438873291,1.0790056362748146,,-0.0977551341056822,-1.718616172671318,,1,1,85
10,4,,40600.0,-2.0,3.0,5.0,Kento MOMOTA,2.0,網前球,,,,28.0,0.1131597831845283,-0.6819586157798767,,14.0,-0.1462643146514892,0.4206658601760864,,,,,23.0,0.0677215456962585,0.8678849041461945,-0.1609961465001105,1.4829916805028915,33.0,0.0314333438873291,1.0790056362748146,0.1018285155296325,1.611930139362812,1.5505094548834182,8.0,3.0,22.0,-0.0478363633155822,0.8010330647230149,,0.0454382374882697,-1.5498435199260712,,1,1,85
10,5,,40700.0,-2.0,3.0,5.0,CHOU Tien Chen,2.0,切球,,,,28.0,0.1462643146514892,-0.4206658601760864,,19.0,0.0397604331374168,0.6847034096717834,,,,,33.0,0.0314333438873291,1.0790056362748146,-0.2216868698596953,1.5139902532100675,22.0,-0.0478363633155822,0.8010330647230149,-0.1609961465001105,1.4829916805028915,1.504061417999253,5.0,8.0,33.0,-0.0754225552082061,1.093324393033981,,0.1148309707641601,-1.499671496450901,,1,1,85
10,6,,40800.0,-2.0,3.0,5.0,Kento MOMOTA,2.0,平球,,,,32.0,-0.0397604331374168,-0.6847034096717834,,10.0,-0.3557030260562897,0.140690803527832,,,,,22.0,-0.0478363633155822,0.8010330647230149,-0.0477610602974892,1.50038181245327,33.0,-0.0754225552082061,1.093324393033981,-0.2216868698596953,1.5139902532100675,1.4857584231614935,7.0,5.0,22.0,-0.087521493434906,0.8156784027814866,,0.0080759301781654,-1.4857364743947985,,1,1,85
10,7,,40900.0,-2.0,3.0,5.0,CHOU Tien Chen,2.0,長球,,,,7.0,0.3557030260562897,-0.140690803527832,,19.0,0.145203098654747,0.6807772815227509,,,,,33.0,-0.0754225552082061,1.093324393033981,-0.5748083889484404,1.3590759336948397,22.0,-0.087521493434906,0.8156784027814866,-0.0477610602974892,1.50038181245327,1.307158281221574,3.0,7.0,33.0,-0.2191053628921508,1.2183851301670074,,0.4311255812644957,-1.2340151965618131,,1,1,85
10,8,,41000.0,-3.0,3.0,6.0,Kento MOMOTA,2.0,發長球,,,,32.0,-0.145203098654747,-0.6807772815227509,,5.0,-0.6208868622779847,-0.118403673171997,出界,對手出界,CHOU Tien Chen,,22.0,-0.087521493434906,0.8156784027814866,0.145203098654747,0.6807772815227509,33.0,-0.2191053628921508,1.2183851301670074,-0.5748083889484404,1.3590759336948397,1.4975669543186376,2.0,3.0,7.0,0.0,0.0,,-0.057681605219841,-1.4964556843042374,,1,1,85
10,9,,,,,,CHOU Tien Chen,,接不到,,,,7.0,0.0,0.0,,23.0,0.0,1.0,,,,,7.0,0.0,0.0,0.0,0.0,7.0,0.0,0.0,0.0,0.0,0.0,,,7.0,0.0,0.0,,0.0,0.0,,1,1,85
11,1,,41100.0,-2.0,4.0,6.0,CHOU Tien Chen,1.0,發短球,,,,28.0,0.3560297248065314,-0.590879237546113,,14.0,-0.1917904317378997,0.4326794147491455,出界,對手出界,Kento MOMOTA,,28.0,0.3560297248065314,-0.590879237546113,-0.3560297248065314,0.590879237546113,22.0,-0.4058899758530821,0.9150677972571106,0.0,0.0,0.0,1.0,0.0,7.0,0.0,0.0,,0.0,0.0,,1,1,86
11,2,,,,,,Kento MOMOTA,,接不到,,,,7.0,0.0,0.0,,23.0,0.0,1.0,,,,,7.0,0.0,0.0,0.0,0.0,7.0,0.0,0.0,0.0,0.0,0.0,,,7.0,0.0,0.0,,0.0,0.0,,1,1,86
12,1,,41200.0,-2.0,4.0,6.0,Kento MOMOTA,1.0,發短球,,,,28.0,0.0616589453297531,-0.6808853774311118,,18.0,-0.0781842470169067,0.6928027272224426,,,,,28.0,0.0616589453297531,-0.6808853774311118,-0.0451191928463852,1.660060602331357,22.0,-0.0897527949846306,0.9083378372458368,0.0,0.0,0.0,1.0,0.0,23.0,0.0165397524833679,0.9791752249002456,,0.0,0.0,,1,1,87
12,2,,41300.0,-2.0,4.0,6.0,CHOU Tien Chen,2.0,長球,,,,28.0,0.0781842470169067,-0.6928027272224426,,19.0,0.0261752232909202,0.6245527267456055,,,,,22.0,-0.0897527949846306,0.9083378372458368,-0.1548735499382018,1.7531293034553528,23.0,0.0165397524833679,0.9791752249002456,-0.0451191928463852,1.660060602331357,1.609923587398491,3.0,1.0,33.0,-0.0766893029212951,1.0603265762329102,,0.1679370420015373,-1.6011405644682797,,1,1,87
12,3,,41400.0,-2.0,4.0,6.0,Kento MOMOTA,2.0,挑球,,,,32.0,-0.0261752232909202,-0.6245527267456055,,33.0,0.1279129117190572,1.2934248478981842,,,,,23.0,0.0165397524833679,0.9791752249002456,0.0523880347609519,1.4148440659046173,33.0,-0.0766893029212951,1.0603265762329102,-0.1548735499382018,1.7531293034553528,1.6042967032458788,6.0,3.0,23.0,0.0262128114700317,0.7902913391590118,,-0.042714975774288,-1.6037279516458511,,1,1,87
12,4,,41500.0,-2.0,4.0,6.0,CHOU Tien Chen,2.0,殺球,,,,33.0,-0.1279129117190572,-1.2934248478981842,,21.0,-0.5277387721108826,0.9365660353396984,,,,,33.0,-0.0766893029212951,1.0603265762329102,0.2589867144286367,2.1967937605354177,23.0,0.0262128114700317,0.7902913391590118,0.0523880347609519,1.4148440659046173,2.354308736061909,4.0,6.0,23.0,0.1310738027095795,0.9033689126372336,,-0.051223608797762,-2.3537514241310946,,1,1,87
12,5,,41600.0,-2.0,4.0,6.0,Kento MOMOTA,2.0,切球,,,,28.0,0.5277387721108826,-0.9365660353396984,,14.0,-0.2519879341125488,0.4442752003669738,,,,,23.0,0.0262128114700317,0.7902913391590118,-0.6476198060082825,1.6479131384585948,23.0,0.1310738027095795,0.9033689126372336,0.2589867144286367,2.1967937605354177,1.7982115228908158,5.0,4.0,18.0,-0.1198810338973999,0.7113471031188965,,0.5015259606408509,-1.72685737449871,,1,1,87
12,6,,41700.0,-2.0,4.0,6.0,CHOU Tien Chen,2.0,切球,,,,28.0,0.2519879341125488,-0.4442752003669738,,19.0,0.1609466075897217,0.5281232595443724,,,,,23.0,0.1310738027095795,0.9033689126372336,-0.3887120485305785,1.479518085718155,18.0,-0.1198810338973999,0.7113471031188965,-0.6476198060082825,1.6479131384585948,1.3530576050145948,5.0,5.0,33.0,-0.1367241144180297,1.035242885351181,,0.1209141314029692,-1.3476441130042074,,1,1,87
12,7,,41800.0,-2.0,4.0,6.0,Kento MOMOTA,2.0,挑球,,,,32.0,-0.1609466075897217,-0.5281232595443724,,17.0,-0.6434089975112022,0.6284425159547025,,,,,18.0,-0.1198810338973999,0.7113471031188965,0.0980159044265748,1.3688311725854874,33.0,-0.1367241144180297,1.035242885351181,-0.3887120485305785,1.479518085718155,1.240150459123124,6.0,5.0,22.0,-0.0629307031631469,0.8407079130411148,,-0.0410655736923218,-1.239470362663269,,1,1,87
12,8,,41900.0,-2.0,4.0,6.0,CHOU Tien Chen,2.0,長球,,,,28.0,0.6434089975112022,-0.6284425159547025,,23.0,0.2118901014328003,0.9276013150811196,,,,,33.0,-0.1367241144180297,1.035242885351181,-0.898195399498278,1.781190653667181,22.0,-0.0629307031631469,0.8407079130411148,0.0980159044265748,1.3688311725854874,1.8375137514714568,3.0,6.0,33.0,-0.2547864019870758,1.1527481377124786,,0.7801331119292318,-1.6636854013058835,,1,1,87
12,9,,42000.0,-3.0,4.0,7.0,Kento MOMOTA,2.0,推撲球,,,,32.0,-0.2118901014328003,-0.9276013150811196,,1.0,-0.6384766101837158,-0.2378574609756469,出界,對手出界,CHOU Tien Chen,,22.0,-0.0629307031631469,0.8407079130411148,0.2118901014328003,0.9276013150811196,33.0,-0.2547864019870758,1.1527481377124786,-0.898195399498278,1.781190653667181,1.774572181849786,9.0,3.0,7.0,0.0,0.0,,-0.1489593982696533,-1.7683092281222343,,1,1,87
12,10,,,,,,CHOU Tien Chen,,接不到,,,,7.0,0.0,0.0,,23.0,0.0,1.0,,,,,7.0,0.0,0.0,0.0,0.0,7.0,0.0,0.0,0.0,0.0,0.0,,,7.0,0.0,0.0,,0.0,0.0,,1,1,87
13,1,,42100.0,-2.0,5.0,7.0,CHOU Tien Chen,1.0,發短球,,,,32.0,-0.0224759508401383,-0.5194611053807198,,11.0,0.3913329839706421,0.07999849319458,出界,對手出界,Kento MOMOTA,,32.0,-0.0224759508401383,-0.5194611053807198,0.0224759508401383,0.5194611053807198,33.0,0.2740639131154495,1.0471164184867705,0.0,0.0,0.0,1.0,0.0,7.0,0.0,0.0,,0.0,0.0,,1,1,88
13,2,,,,,,Kento MOMOTA,,接不到,,,,7.0,0.0,0.0,,23.0,0.0,1.0,,,,,7.0,0.0,0.0,0.0,0.0,7.0,0.0,0.0,0.0,0.0,0.0,,,7.0,0.0,0.0,,0.0,0.0,,1,1,88
14,1,,42200.0,-2.0,5.0,7.0,Kento MOMOTA,1.0,發短球,,,,32.0,-0.3097655590752267,-0.5174287132119259,,19.0,0.3018893599510193,0.6318686604499817,,,,,32.0,-0.3097655590752267,-0.5174287132119259,0.377352875111451,1.571539247701081,23.0,0.2963140732489283,0.9186502299311284,0.0,0.0,0.0,1.0,0.0,33.0,0.0675873160362243,1.054110534489155,,0.0,0.0,,1,1,89
14,2,,42300.0,-2.0,5.0,7.0,CHOU Tien Chen,2.0,切球,,,,32.0,-0.3018893599510193,-0.6318686604499817,,18.0,-0.1938966959714889,0.5746487379074097,,,,,23.0,0.2963140732489283,0.9186502299311284,0.4449689239263534,1.6787081435322762,33.0,0.0675873160362243,1.054110534489155,0.377352875111451,1.571539247701081,1.6619134083702654,5.0,1.0,33.0,0.1430795639753341,1.0468394830822945,,-0.5982034331999475,-1.55051889038111,,1,1,89
14,3,,42400.0,-2.0,5.0,7.0,Kento MOMOTA,2.0,平球,,,,28.0,0.1938966959714889,-0.5746487379074097,,23.0,0.164356862264094,0.972602810108675,,,,,33.0,0.0675873160362243,1.054110534489155,-0.2240022271871566,1.3335098773241043,33.0,0.1430795639753341,1.0468394830822945,0.4449689239263534,1.6787081435322762,1.6336495422450366,7.0,5.0,18.0,-0.0301055312156677,0.7588611394166946,,0.1263093799352646,-1.6287592723965647,,1,1,89
14,4,,42500.0,-2.0,5.0,7.0,CHOU Tien Chen,2.0,切球,,,,32.0,-0.164356862264094,-0.972602810108675,,33.0,0.1932223738859173,1.0976315485171,,,,,33.0,0.1430795639753341,1.0468394830822945,0.2266500900260777,1.8743104891419544,18.0,-0.0301055312156677,0.7588611394166946,-0.2240022271871566,1.3335098773241043,2.042710045921171,5.0,7.0,23.0,0.0622932277619838,0.9017076790332792,,-0.3074364262394281,-2.019442293190969,,1,1,89
14,5,,42600.0,-2.0,5.0,7.0,Kento MOMOTA,2.0,挑球,,,,33.0,-0.1932223738859173,-1.0976315485171,,10.0,-0.1205933094024658,0.1702613830566406,,,,,18.0,-0.0301055312156677,0.7588611394166946,0.2028451861570354,1.7910292493036906,23.0,0.0622932277619838,0.9017076790332792,0.2266500900260777,1.8743104891419544,1.86364487086847,6.0,5.0,19.0,0.0096228122711181,0.6933977007865906,,-0.1631168426702496,-1.8564926879337944,,1,1,89
14,6,,42700.0,-2.0,5.0,7.0,CHOU Tien Chen,2.0,殺球,,,,3.0,0.1205933094024658,-0.1702613830566406,,23.0,0.0516735687851905,0.921494945883751,,,,,23.0,0.0622932277619838,0.9017076790332792,-0.1954002529382705,1.4369743466377258,19.0,0.0096228122711181,0.6933977007865906,0.2028451861570354,1.7910292493036906,1.0735532448822598,4.0,6.0,33.0,-0.0748069435358047,1.2667129635810852,,0.058300081640482,-1.0719690620899198,,1,1,89
14,7,,42800.0,-2.0,5.0,7.0,Kento MOMOTA,2.0,切球,,,,32.0,-0.0516735687851905,-0.921494945883751,,6.0,-0.3302454948425293,0.055482268333435,,,,,19.0,0.0096228122711181,0.6933977007865906,0.0157868042588234,1.608092024922371,33.0,-0.0748069435358047,1.2667129635810852,-0.1954002529382705,1.4369743466377258,1.6160555394541798,5.0,4.0,18.0,-0.0358867645263671,0.68659707903862,,-0.0612963810563086,-1.6148926466703415,,1,1,89
14,8,,42900.0,-2.0,5.0,7.0,CHOU Tien Chen,2.0,切球,,,,7.0,0.3302454948425293,-0.055482268333435,,15.0,0.1781074851751327,0.5036164522171019,,,,,33.0,-0.0748069435358047,1.2667129635810852,-0.580777108669281,1.2481669038534164,18.0,-0.0358867645263671,0.68659707903862,0.0157868042588234,1.608092024922371,1.3828476811036443,5.0,5.0,33.0,-0.2505316138267517,1.1926846355199814,,0.405052438378334,-1.3221952319145205,,1,1,89
14,9,,43000.0,-3.0,5.0,8.0,Kento MOMOTA,2.0,長球,,,,32.0,-0.1781074851751327,-0.5036164522171019,,1.0,-0.6164158582687378,-0.2098035812377929,出界,對手出界,CHOU Tien Chen,,18.0,-0.0358867645263671,0.68659707903862,0.1781074851751327,0.5036164522171019,33.0,-0.2505316138267517,1.1926846355199814,-0.580777108669281,1.2481669038534164,1.1986805176384865,3.0,5.0,7.0,0.0,0.0,,-0.1422207206487656,-1.190213531255722,,1,1,89
14,10,,,,,,CHOU Tien Chen,,接不到,,,,7.0,0.0,0.0,,23.0,0.0,1.0,,,,,7.0,0.0,0.0,0.0,0.0,7.0,0.0,0.0,0.0,0.0,0.0,,,7.0,0.0,0.0,,0.0,0.0,,1,1,89
15,1,,43100.0,-2.0,6.0,8.0,CHOU Tien Chen,1.0,發短球,,,,28.0,0.1062244658153031,-0.9235150409171716,,18.0,-0.1515760570764541,0.5354901552200317,出界,對手出界,Kento MOMOTA,,28.0,0.1062244658153031,-0.9235150409171716,-0.1062244658153031,0.9235150409171716,18.0,-0.360236480953888,0.7070348563108619,0.0,0.0,0.0,1.0,0.0,7.0,0.0,0.0,,0.0,0.0,,1,1,90
15,2,,,,,,Kento MOMOTA,,接不到,,,,7.0,0.0,0.0,,23.0,0.0,1.0,,,,,7.0,0.0,0.0,0.0,0.0,7.0,0.0,0.0,0.0,0.0,0.0,,,7.0,0.0,0.0,,0.0,0.0,,1,1,90
16,1,,43200.0,-2.0,6.0,8.0,Kento MOMOTA,1.0,發短球,,,,28.0,0.1567518013059707,-0.5302581736105599,,18.0,-0.2406162023544311,0.6463024318218231,,,,,28.0,0.1567518013059707,-0.5302581736105599,-0.1343924897253127,1.5571783432024635,22.0,-0.3043882190537049,0.7843810166540898,0.0,0.0,0.0,1.0,0.0,33.0,0.0223593115806579,1.0269201695919037,,0.0,0.0,,1,1,91
16,2,,43300.0,-2.0,6.0,8.0,CHOU Tien Chen,2.0,切球,,,,28.0,0.2406162023544311,-0.6463024318218231,,15.0,0.1583631932735443,0.3557820916175842,,,,,22.0,-0.3043882190537049,0.7843810166540898,-0.4213243722915649,1.7408629059791565,33.0,0.0223593115806579,1.0269201695919037,-0.1343924897253127,1.5571783432024635,1.5309751627957089,5.0,1.0,33.0,-0.1807081699371338,1.0945604741573334,,0.545004421408136,-1.430683448475913,,1,1,91
16,3,,43400.0,-2.0,6.0,8.0,Kento MOMOTA,2.0,平球,,,,2.0,-0.1583631932735443,-0.3557820916175842,,24.0,0.4952304920002603,0.9590107936325236,,,,,33.0,0.0223593115806579,1.0269201695919037,0.2255963385105133,1.1693058460950851,33.0,-0.1807081699371338,1.0945604741573334,-0.4213243722915649,1.7408629059791565,1.3944626803592155,7.0,5.0,23.0,0.067233145236969,0.813523754477501,,-0.1807225048542022,-1.382702261209488,,1,1,91
16,4,,43500.0,-2.0,6.0,8.0,CHOU Tien Chen,2.0,平球,,,,32.0,-0.4952304920002603,-0.9590107936325236,,18.0,-0.3245171904563904,0.6110586524009705,,,,,33.0,-0.1807081699371338,1.0945604741573334,0.7919613083645486,1.850954233473794,23.0,0.067233145236969,0.813523754477501,0.2255963385105133,1.1693058460950851,2.077517567427053,7.0,7.0,23.0,0.2967308163642883,0.8919434398412704,,-0.3145223220631265,-2.0535712677898568,,1,1,91
16,5,,43600.0,-3.0,6.0,9.0,Kento MOMOTA,2.0,接不到,,,,7.0,0.0,0.0,,7.0,0.0,0.0,對手落地致勝,落地致勝,CHOU Tien Chen,,23.0,0.067233145236969,0.813523754477501,0.0,0.0,23.0,0.2967308163642883,0.8919434398412704,0.7919613083645486,1.850954233473794,0.8162972466679186,11.0,7.0,7.0,0.0,0.0,,-0.067233145236969,-0.813523754477501,,1,1,91
16,6,,,,,,CHOU Tien Chen,,接不到,,,,7.0,0.0,0.0,,23.0,0.0,1.0,,,,,7.0,0.0,0.0,0.0,0.0,7.0,0.0,0.0,0.0,0.0,0.0,,,7.0,0.0,0.0,,0.0,0.0,,1,1,91
17,1,,43700.0,-2.0,7.0,9.0,CHOU Tien Chen,1.0,發短球,,,,32.0,-0.2972631075727093,-0.6370502666342588,,19.0,0.0689130127429962,0.5740855634212494,出界,對手出界,Kento MOMOTA,,32.0,-0.2972631075727093,-0.6370502666342588,0.2972631075727093,0.6370502666342588,19.0,0.0033728283819577,0.6441415436459493,0.0,0.0,0.0,1.0,0.0,7.0,0.0,0.0,,0.0,0.0,,1,1,92
17,2,,,,,,Kento MOMOTA,,接不到,,,,7.0,0.0,0.0,,23.0,0.0,1.0,,,,,7.0,0.0,0.0,0.0,0.0,7.0,0.0,0.0,0.0,0.0,0.0,,,7.0,0.0,0.0,,0.0,0.0,,1,1,92
18,1,,43800.0,-2.0,7.0,9.0,Kento MOMOTA,2.0,發長球,,,,7.0,0.0,0.0,,23.0,0.2355334698767237,0.936022311826702,,,,,7.0,0.0,0.0,0.0567378401756286,1.036672219634056,23.0,0.2333163600397879,0.8903569913333835,0.2333163600397879,0.8903569913333835,0.0,2.0,,33.0,0.0567378401756286,1.036672219634056,,0.0,0.0,,1,1,93
18,2,,43900.0,-2.0,7.0,9.0,CHOU Tien Chen,2.0,殺球,,,,32.0,-0.2355334698767237,-0.936022311826702,,14.0,-0.0869829505681991,0.3344565033912658,,,,,23.0,0.2333163600397879,0.8903569913333835,0.3310780167192987,1.9413283396563488,33.0,0.0567378401756286,1.036672219634056,0.0567378401756286,1.036672219634056,1.885598451957432,4.0,2.0,33.0,0.095544546842575,1.005306027829647,,-0.4688498299165116,-1.8263793031600857,,1,1,93
18,3,,44000.0,-3.0,7.0,10.0,Kento MOMOTA,2.0,接不到,,,,7.0,0.0,0.0,,7.0,0.0,0.0,對手落地致勝,落地致勝,CHOU Tien Chen,,33.0,0.0567378401756286,1.036672219634056,0.0,0.0,33.0,0.095544546842575,1.005306027829647,0.3310780167192987,1.9413283396563488,1.0382237107043917,11.0,4.0,7.0,0.0,0.0,,-0.0567378401756286,-1.036672219634056,,1,1,93
18,4,,,,,,CHOU Tien Chen,,接不到,,,,7.0,0.0,0.0,,23.0,0.0,1.0,,,,,7.0,0.0,0.0,0.0,0.0,7.0,0.0,0.0,0.0,0.0,0.0,,,7.0,0.0,0.0,,0.0,0.0,,1,1,93
19,1,,44100.0,-2.0,8.0,10.0,CHOU Tien Chen,1.0,發短球,,,,28.0,0.2939179616929878,-0.8411500200410148,,19.0,0.0355850085616111,0.577802300453186,出界,對手出界,Kento MOMOTA,,28.0,0.2939179616929878,-0.8411500200410148,-0.2939179616929878,0.8411500200410148,22.0,-0.2468100101772037,0.9069213136015708,0.0,0.0,0.0,1.0,0.0,7.0,0.0,0.0,,0.0,0.0,,1,1,94
19,2,,,,,,Kento MOMOTA,,接不到,,,,7.0,0.0,0.0,,23.0,0.0,1.0,,,,,7.0,0.0,0.0,0.0,0.0,7.0,0.0,0.0,0.0,0.0,0.0,,,7.0,0.0,0.0,,0.0,0.0,,1,1,94
20,1,,44200.0,-3.0,8.0,11.0,Kento MOMOTA,2.0,接不到,,,,7.0,0.0,0.0,,7.0,0.0,0.0,對手落地致勝,落地致勝,CHOU Tien Chen,,7.0,0.0,0.0,0.0,0.0,18.0,-0.2681108761277824,0.668082869984755,-0.2681108761277824,0.668082869984755,0.0,11.0,,7.0,0.0,0.0,,0.0,0.0,,1,1,95
20,2,,,,,,CHOU Tien Chen,,接不到,,,,7.0,0.0,0.0,,23.0,0.0,1.0,,,,,7.0,0.0,0.0,0.0,0.0,7.0,0.0,0.0,0.0,0.0,0.0,,,7.0,0.0,0.0,,0.0,0.0,,1,1,95
21,1,,44300.0,-3.0,8.0,11.0,CHOU Tien Chen,1.0,發短球,,,,33.0,-0.4070309460237906,-1.0468167031622777,,23.0,0.2145135138196924,0.9406923015470946,,,,,33.0,-0.4070309460237906,-1.0468167031622777,0.3285121381357596,2.267497506222809,33.0,0.1347747874629327,1.08422145894145,0.0,0.0,0.0,1.0,0.0,33.0,-0.078518807888031,1.2206808030605316,,0.0,0.0,,1,1,96
21,2,,44400.0,-3.0,8.0,11.0,Kento MOMOTA,2.0,推撲球,,,,32.0,-0.2145135138196924,-0.9406923015470946,,33.0,0.0845857382671344,1.0777114163972632,,,,,33.0,0.1347747874629327,1.08422145894145,0.2946752641363122,1.6617250402327026,33.0,-0.078518807888031,1.2206808030605316,0.3285121381357596,2.267497506222809,2.05481825347858,9.0,1.0,19.0,0.0801617503166198,0.7210327386856079,,-0.3492883012826251,-2.0249137604885448,,1,1,96
21,3,,44500.0,-3.0,8.0,11.0,CHOU Tien Chen,2.0,發長球,,,,33.0,-0.0845857382671344,-1.0777114163972632,,33.0,-0.5637934996768039,1.2542828980559375,,,,,33.0,-0.078518807888031,1.2206808030605316,0.1750673324720369,1.9629287924505965,19.0,0.0801617503166198,0.7210327386856079,0.2946752641363122,1.6617250402327026,2.2984002267029893,2.0,9.0,23.0,0.0904815942049026,0.8852173760533333,,-0.0060669303791034,-2.298392219457795,,1,1,96
21,4,,44600.0,-3.0,8.0,11.0,Kento MOMOTA,2.0,殺球,,,,33.0,0.5637934996768039,-1.2542828980559375,,11.0,0.3526761107273123,0.2328729383277483,,,,,19.0,0.0801617503166198,0.7210327386856079,-0.6501136614962619,1.8836343947524097,23.0,0.0904815942049026,0.8852173760533333,0.1750673324720369,1.9629287924505965,2.033659640585132,4.0,2.0,18.0,-0.086320161819458,0.6293514966964722,,0.4836317493601841,-1.9753156367415448,,1,1,96
21,5,,44700.0,-3.0,8.0,11.0,CHOU Tien Chen,2.0,長球,,,,2.0,-0.3526761107273123,-0.2328729383277483,,10.0,-0.2399984449148178,0.2811385989189148,,,,,23.0,0.0904815942049026,0.8852173760533333,0.4990836255378744,1.3349741451072283,18.0,-0.086320161819458,0.6293514966964722,-0.6501136614962619,1.8836343947524097,1.2027113962017546,3.0,4.0,33.0,0.1464075148105621,1.10210120677948,,-0.4431577049322149,-1.1180903143810816,,1,1,96
21,6,,44800.0,-3.0,8.0,11.0,Kento MOMOTA,2.0,平球,,,,3.0,0.2399984449148178,-0.2811385989189148,,14.0,-0.2426414489746094,0.3173872828483581,,,,,18.0,-0.086320161819458,0.6293514966964722,-0.3484129756689071,1.0909086763858795,33.0,0.1464075148105621,1.10210120677948,0.4990836255378744,1.3349741451072283,0.9672001071726136,7.0,3.0,22.0,-0.1084145307540893,0.8097700774669648,,0.3263186067342758,-0.910490095615387,,1,1,96
21,7,,44900.0,-3.0,8.0,11.0,CHOU Tien Chen,2.0,挑球,,,,3.0,0.2426414489746094,-0.3173872828483581,,19.0,0.0964551866054534,0.6344646215438843,,,,,33.0,0.1464075148105621,1.10210120677948,-0.3906016647815704,1.452774465084076,22.0,-0.1084145307540893,0.8097700774669648,-0.3484129756689071,1.0909086763858795,1.4227468299984405,6.0,7.0,33.0,-0.147960215806961,1.1353871822357178,,0.0962339341640473,-1.419488489627838,,1,1,96
21,8,,45000.0,-4.0,8.0,12.0,Kento MOMOTA,1.0,發短球,,,,28.0,0.1084145307540893,-0.8097700774669648,,5.0,-0.4455501437187195,-0.0565848350524902,出界,對手出界,CHOU Tien Chen,,28.0,0.1084145307540893,-0.8097700774669648,-0.1084145307540893,0.8097700774669648,33.0,-0.147960215806961,1.1353871822357178,0.0,0.0,0.0,1.0,0.0,7.0,0.0,0.0,,0.0,0.0,,1,1,96
21,9,,,,,,CHOU Tien Chen,,接不到,,,,7.0,0.0,0.0,,23.0,0.0,1.0,,,,,7.0,0.0,0.0,0.0,0.0,7.0,0.0,0.0,0.0,0.0,0.0,,,7.0,0.0,0.0,,0.0,0.0,,1,1,96
22,1,,45100.0,-3.0,9.0,12.0,CHOU Tien Chen,1.0,發短球,,,,28.0,0.1456873097422634,-0.6337805986326293,,15.0,7.399171590805013e-05,0.408168375492096,出界,對手出界,Kento MOMOTA,,28.0,0.1456873097422634,-0.6337805986326293,-0.1456873097422634,0.6337805986326293,22.0,-0.2535977758012704,0.8900694986645571,0.0,0.0,0.0,1.0,0.0,7.0,0.0,0.0,,0.0,0.0,,1,1,97
22,2,,,,,,Kento MOMOTA,,接不到,,,,7.0,0.0,0.0,,23.0,0.0,1.0,,,,,7.0,0.0,0.0,0.0,0.0,7.0,0.0,0.0,0.0,0.0,0.0,,,7.0,0.0,0.0,,0.0,0.0,,1,1,97
23,1,,45200.0,-4.0,9.0,13.0,Kento MOMOTA,2.0,接不到,,,,7.0,0.0,0.0,,7.0,0.0,0.0,對手落地致勝,落地致勝,CHOU Tien Chen,,7.0,0.0,0.0,0.0,0.0,23.0,0.2855207906346204,0.7969262876130759,0.2855207906346204,0.7969262876130759,0.0,11.0,,7.0,0.0,0.0,,0.0,0.0,,1,1,98
23,2,,,,,,CHOU Tien Chen,,接不到,,,,7.0,0.0,0.0,,23.0,0.0,1.0,,,,,7.0,0.0,0.0,0.0,0.0,7.0,0.0,0.0,0.0,0.0,0.0,,,7.0,0.0,0.0,,0.0,0.0,,1,1,98
24,1,,45300.0,-3.0,10.0,13.0,CHOU Tien Chen,1.0,發短球,,,,32.0,-0.0307886067594946,-0.8553670272049418,,20.0,0.5126080513000489,0.562448114156723,出界,對手出界,Kento MOMOTA,,32.0,-0.0307886067594946,-0.8553670272049418,0.0307886067594946,0.8553670272049418,23.0,0.388040042132618,0.7928390106399523,0.0,0.0,0.0,1.0,0.0,7.0,0.0,0.0,,0.0,0.0,,1,1,99
24,2,,,,,,Kento MOMOTA,,接不到,,,,7.0,0.0,0.0,,23.0,0.0,1.0,,,,,7.0,0.0,0.0,0.0,0.0,7.0,0.0,0.0,0.0,0.0,0.0,,,7.0,0.0,0.0,,0.0,0.0,,1,1,99
